student_id,study_hours_per_week,attendance_percentage,material_prep_hours,extracurricular_hours,skill_dev_hours,projects_completed,hackathons_participated,internship_experience,coding_platform_rating,previous_gpa,final_score,productivity_index
CSE0001,18.5,89.3,0.4,2.1,4.4,4,1,0,62.6,5.95,64.9,47.1
CSE0002,14.0,73.4,4.6,0.9,6.8,3,1,0,44.3,7.85,69.8,38.7
CSE0003,19.5,70.2,6.3,0.2,5.3,2,2,0,55.4,7.63,61.4,41.2
CSE0004,25.7,80.0,15.6,6.2,7.3,2,2,0,69.8,7.17,81.1,63.0
CSE0005,13.4,78.0,10.2,4.4,8.9,3,2,1,51.0,7.77,81.3,50.8
CSE0006,13.4,74.6,2.7,6.1,14.2,3,2,0,36.3,5.92,54.9,49.3
CSE0007,26.1,88.4,9.9,7.1,8.4,3,3,0,49.0,9.02,82.6,68.5
CSE0008,20.4,91.5,1.8,5.8,2.1,2,2,1,83.3,9.32,70.7,56.1
CSE0009,11.7,81.1,12.3,7.0,15.7,4,2,0,88.7,7.25,75.4,75.4
CSE0010,18.8,97.7,6.1,4.8,5.8,5,1,0,14.6,9.87,66.5,36.2
CSE0011,11.8,66.3,7.6,1.4,9.7,2,3,0,76.8,6.76,68.0,76.4
CSE0012,11.7,77.7,13.3,8.2,12.2,3,1,0,60.0,7.64,68.5,49.9
CSE0013,16.7,71.4,2.9,3.2,11.0,1,3,1,73.5,8.78,65.4,70.2
CSE0014,1.6,57.6,2.4,2.2,15.5,3,1,0,44.0,6.7,50.3,39.4
CSE0015,2.9,79.0,5.7,4.5,12.4,4,1,1,19.6,5.68,51.9,23.4
CSE0016,11.1,78.5,12.2,2.3,5.7,4,1,1,66.7,5.43,68.8,47.5
CSE0017,7.9,98.2,1.9,3.7,20.9,3,1,0,36.2,9.47,60.2,53.1
CSE0018,17.2,87.6,0.0,6.0,11.0,5,2,1,27.2,6.62,68.2,48.3
CSE0019,8.6,67.7,6.2,6.0,9.3,1,0,0,28.6,7.0,52.6,7.0
CSE0020,5.1,100.0,10.2,2.3,14.8,4,0,0,67.0,5.98,61.4,47.6
CSE0021,25.3,94.7,12.8,3.5,11.2,2,3,0,57.8,8.24,76.8,50.0
CSE0022,13.4,87.0,6.1,8.2,12.0,1,4,0,70.6,6.34,67.9,64.3
CSE0023,15.5,77.3,6.4,6.5,22.5,4,1,0,68.4,6.66,78.4,80.3
CSE0024,5.0,68.5,12.6,11.2,8.6,3,0,0,46.6,7.53,61.3,45.9
CSE0025,11.2,75.5,0.5,8.5,8.4,2,3,1,53.6,6.03,56.3,70.5
CSE0026,15.8,93.1,6.4,8.4,10.6,2,0,1,44.8,7.0,60.1,41.5
CSE0027,6.9,100.0,8.8,0.8,15.4,1,0,0,50.8,8.74,61.6,35.5
CSE0028,17.6,98.5,9.8,7.3,2.5,2,1,1,35.7,7.67,66.6,31.3
CSE0029,10.8,74.1,6.0,4.8,0.2,4,1,1,62.8,7.34,62.3,41.6
CSE0030,13.0,66.6,8.1,3.3,7.1,4,3,0,76.5,7.44,65.4,52.1
CSE0031,10.8,81.7,0.0,5.5,1.8,6,0,0,38.7,6.77,48.8,24.0
CSE0032,28.0,58.8,5.4,7.8,7.9,1,2,0,80.6,9.4,81.5,77.7
CSE0033,14.9,83.9,9.8,6.5,12.5,4,1,0,57.3,6.31,68.7,34.2
CSE0034,7.6,78.2,4.1,2.4,5.5,0,2,0,59.8,7.43,55.6,51.8
CSE0035,20.8,74.4,8.2,7.2,2.9,2,0,0,21.0,7.33,49.5,41.2
CSE0036,6.5,60.9,9.8,3.1,10.3,2,1,1,18.9,8.31,40.2,36.7
CSE0037,16.5,86.2,6.6,5.7,14.3,2,2,0,57.9,8.41,64.0,44.9
CSE0038,1.3,73.6,8.7,4.1,1.5,1,1,0,70.8,7.16,46.1,21.1
CSE0039,5.7,66.0,4.1,4.3,14.1,3,0,0,41.6,7.52,54.5,32.3
CSE0040,16.4,45.5,7.2,7.3,14.1,5,3,0,88.4,7.56,57.4,82.4
CSE0041,20.2,79.7,10.4,1.9,14.8,1,0,0,69.7,4.7,74.9,51.5
CSE0042,16.2,100.0,8.6,10.8,16.1,2,0,0,36.8,5.45,67.3,35.1
CSE0043,14.2,99.9,5.7,0.0,21.0,5,2,1,55.6,6.53,84.5,76.2
CSE0044,12.9,74.5,8.9,3.2,8.2,2,0,0,100.0,6.58,59.3,72.3
CSE0045,4.7,72.8,10.9,6.1,10.5,2,0,0,30.1,5.88,51.5,26.9
CSE0046,10.0,85.6,0.0,6.8,7.9,4,1,0,65.6,8.02,61.6,51.8
CSE0047,11.8,68.0,12.6,4.7,10.0,2,5,1,48.5,7.2,72.8,46.2
CSE0048,22.4,83.6,6.7,4.8,17.7,2,1,1,69.1,6.96,76.5,62.4
CSE0049,17.4,89.2,9.7,6.2,3.3,3,0,0,80.3,5.82,69.3,56.3
CSE0050,2.7,94.7,12.8,4.3,5.7,4,0,0,47.3,7.15,63.5,36.8
CSE0051,17.3,78.8,2.5,9.2,16.9,4,1,0,77.4,4.31,62.7,62.7
CSE0052,12.3,77.6,5.2,7.5,15.1,4,0,0,99.4,7.02,70.2,64.7
CSE0053,10.3,69.5,6.8,7.6,8.2,5,2,1,56.3,7.27,54.0,54.0
CSE0054,19.3,70.1,4.9,2.1,14.3,2,1,0,70.7,7.47,71.5,53.8
CSE0055,22.2,77.3,14.9,4.8,11.7,0,0,1,43.2,5.48,78.8,48.8
CSE0056,21.5,84.4,4.6,4.1,17.5,3,1,0,55.4,7.45,66.5,38.9
CSE0057,9.1,91.0,5.8,2.0,10.4,3,4,0,51.5,6.05,62.3,51.8
CSE0058,12.8,70.4,8.8,6.1,15.1,2,0,1,70.9,6.31,69.6,60.3
CSE0059,17.3,97.9,3.2,3.4,23.2,3,1,0,79.1,7.99,79.0,62.4
CSE0060,21.8,76.7,6.4,7.0,13.0,5,0,1,52.8,9.42,78.8,55.3
CSE0061,11.6,79.7,9.3,1.8,10.2,1,0,0,85.7,7.26,61.2,45.0
CSE0062,13.7,71.0,6.7,10.2,13.6,2,1,0,85.6,6.3,62.7,58.4
CSE0063,7.3,50.9,7.6,2.3,8.2,4,0,1,71.9,7.41,55.4,50.8
CSE0064,6.6,90.6,5.9,5.7,21.9,2,2,0,44.7,8.23,65.9,51.9
CSE0065,20.7,88.8,1.9,7.4,10.9,0,1,0,42.8,7.88,59.0,23.7
CSE0066,24.5,76.6,9.3,3.3,8.6,5,0,0,38.8,10.0,75.2,52.2
CSE0067,14.5,80.8,15.0,7.6,5.8,0,0,1,74.0,6.41,74.9,46.5
CSE0068,22.0,86.2,8.1,1.3,15.5,2,2,0,30.8,7.48,69.4,64.9
CSE0069,17.5,61.2,8.9,9.4,14.3,3,2,0,68.5,8.9,65.5,52.8
CSE0070,10.5,73.7,10.8,5.0,7.5,2,1,0,33.4,8.83,58.4,25.9
CSE0071,17.5,89.5,2.9,3.2,12.9,6,0,0,71.5,5.05,63.9,57.5
CSE0072,25.8,64.9,14.8,4.1,2.5,5,3,1,55.3,7.2,71.0,67.5
CSE0073,14.7,83.5,8.8,7.4,10.9,3,2,0,81.7,8.83,75.5,45.4
CSE0074,26.0,63.7,14.5,3.2,12.3,4,2,1,77.8,10.0,84.1,66.0
CSE0075,1.0,85.6,5.1,2.8,18.5,5,3,0,83.7,7.97,63.7,72.5
CSE0076,20.8,79.6,15.3,4.3,6.1,2,2,1,84.2,6.8,78.8,56.6
CSE0077,15.6,60.6,11.1,1.5,3.6,2,2,1,57.9,6.09,52.5,62.1
CSE0078,12.9,94.0,10.2,10.5,5.5,4,3,1,31.8,9.64,64.8,47.3
CSE0079,15.6,71.2,8.9,3.3,3.3,4,1,0,33.9,8.0,64.2,28.3
CSE0080,1.1,70.3,7.0,7.5,16.7,7,2,0,13.3,6.27,42.2,47.9
CSE0081,13.5,82.4,12.8,5.6,17.7,6,0,1,33.3,6.98,66.5,67.6
CSE0082,17.5,93.8,8.6,2.0,11.6,4,1,0,56.4,7.54,63.0,55.6
CSE0083,25.3,67.8,0.1,5.0,16.1,3,2,0,43.8,7.8,67.5,69.8
CSE0084,11.4,80.7,3.5,7.4,10.7,5,2,1,51.4,6.21,66.8,74.4
CSE0085,9.3,85.1,7.3,4.4,9.5,2,0,0,64.9,6.52,59.2,34.3
CSE0086,11.5,88.3,9.2,8.6,8.3,6,3,1,48.9,5.38,82.1,70.8
CSE0087,21.4,82.1,7.8,8.1,8.4,2,0,0,32.6,8.34,72.8,24.6
CSE0088,17.3,75.6,12.9,7.8,2.3,6,0,1,53.9,6.82,64.2,56.0
CSE0089,11.3,70.1,0.2,3.6,11.3,3,0,0,37.0,7.71,46.6,35.7
CSE0090,18.6,81.0,8.6,1.8,9.8,2,1,0,49.6,8.76,83.7,56.2
CSE0091,15.7,67.1,0.7,3.2,13.7,5,1,1,81.9,7.44,74.9,80.0
CSE0092,21.8,44.9,11.0,5.6,10.5,3,2,0,49.6,7.08,68.2,59.6
CSE0093,10.1,85.2,7.6,6.6,9.2,2,1,1,90.4,7.41,69.1,64.8
CSE0094,12.7,90.8,9.7,0.0,5.6,2,0,1,83.6,7.27,69.7,56.0
CSE0095,12.3,51.6,4.5,5.0,10.4,1,1,0,43.4,8.57,45.4,39.6
CSE0096,4.8,67.9,13.1,5.5,13.7,4,3,1,32.8,7.54,63.4,50.1
CSE0097,17.1,87.4,12.2,4.2,4.3,2,1,0,53.9,6.6,66.1,56.1
CSE0098,16.8,100.0,10.3,8.9,10.4,3,2,1,78.1,8.35,77.5,83.3
CSE0099,15.0,80.2,7.5,6.3,11.2,2,3,0,45.2,8.55,65.4,49.9
CSE0100,13.4,71.3,10.3,8.9,6.4,3,2,1,73.2,5.73,74.0,64.1
CSE0101,5.1,77.8,5.2,4.4,7.1,2,1,0,79.2,8.89,58.1,48.2
CSE0102,12.1,96.5,11.4,7.8,11.2,0,0,0,39.5,7.6,74.4,19.3
CSE0103,12.6,72.2,14.6,9.9,4.3,2,4,0,41.5,7.51,55.3,45.6
CSE0104,9.4,70.4,12.3,8.9,11.7,3,0,0,69.3,8.31,61.7,65.7
CSE0105,13.9,74.2,5.1,1.7,5.5,1,1,0,58.0,6.58,47.5,32.9
CSE0106,17.8,68.6,9.4,4.2,15.3,2,2,0,41.3,8.25,61.6,69.7
CSE0107,28.2,81.5,2.8,4.0,21.7,3,0,0,48.0,6.79,70.9,69.0
CSE0108,16.2,99.5,10.3,6.5,5.7,1,3,0,53.6,5.58,69.1,52.9
CSE0109,16.8,83.9,9.8,7.1,12.7,4,1,0,23.7,6.1,66.2,48.0
CSE0110,14.5,77.0,0.5,2.5,6.4,1,0,0,70.3,7.82,53.9,34.0
CSE0111,1.6,76.5,3.4,5.2,15.2,5,1,0,45.4,6.16,40.0,42.5
CSE0112,14.8,61.2,6.9,0.0,3.7,1,0,0,0.0,8.97,56.7,26.5
CSE0113,15.4,90.6,6.8,9.3,12.4,1,1,1,54.5,8.51,70.1,47.9
CSE0114,32.2,79.1,3.2,3.5,5.6,5,0,1,40.2,8.67,72.2,63.4
CSE0115,13.7,77.8,9.6,5.2,9.0,0,2,0,88.8,7.34,68.3,44.5
CSE0116,17.1,100.0,9.0,4.1,4.8,2,1,1,43.3,7.48,71.1,32.4
CSE0117,14.8,83.6,7.2,8.4,14.1,2,1,0,33.0,5.89,59.4,61.0
CSE0118,6.8,71.0,5.0,0.0,5.8,4,1,1,65.2,8.3,60.1,48.1
CSE0119,23.0,74.9,12.2,5.0,12.8,2,1,0,41.8,7.62,65.5,43.1
CSE0120,20.3,93.8,14.6,4.7,8.3,4,1,0,39.4,7.82,79.5,58.7
CSE0121,20.5,81.4,6.1,3.6,9.4,5,0,1,65.2,9.06,71.2,70.9
CSE0122,8.6,62.7,5.6,10.2,10.7,2,1,1,34.2,6.53,50.0,51.9
CSE0123,24.8,91.0,10.0,2.3,6.2,3,1,0,25.9,7.06,73.9,33.3
CSE0124,5.2,72.0,6.6,7.3,11.1,4,2,0,89.5,7.56,69.6,60.5
CSE0125,19.1,100.0,7.4,6.1,17.7,5,0,1,66.6,6.17,88.1,69.4
CSE0126,30.3,93.0,11.0,8.8,6.1,2,3,1,49.7,6.99,89.8,70.3
CSE0127,8.1,74.6,0.4,3.0,15.9,4,1,1,54.9,7.74,59.4,49.5
CSE0128,11.0,95.4,13.3,2.8,17.5,4,0,0,65.1,6.84,63.3,54.4
CSE0129,15.7,80.8,8.3,8.3,5.9,2,1,0,74.5,8.64,76.4,55.5
CSE0130,11.5,90.2,6.4,6.3,2.7,3,1,0,39.9,5.54,62.9,48.1
CSE0131,4.1,85.8,7.6,0.4,11.5,0,3,0,62.3,8.44,56.4,51.8
CSE0132,15.5,69.8,7.8,3.4,7.3,7,2,0,44.9,7.93,72.3,38.6
CSE0133,7.6,72.3,1.1,6.2,19.3,0,0,1,51.2,6.57,52.5,44.1
CSE0134,18.3,92.4,14.0,7.5,10.2,0,0,0,58.2,6.18,76.4,35.3
CSE0135,8.6,76.0,8.2,3.0,6.0,1,2,1,54.9,4.91,51.8,50.2
CSE0136,25.8,75.2,9.8,0.0,4.3,1,2,0,69.7,6.33,80.8,61.2
CSE0137,9.5,68.5,11.8,6.6,15.4,0,1,0,64.7,8.35,67.2,49.3
CSE0138,12.7,85.1,3.9,1.3,7.1,1,0,0,24.8,7.14,62.4,22.0
CSE0139,20.7,100.0,9.9,0.0,10.2,5,0,0,27.8,8.48,71.6,39.8
CSE0140,6.4,67.2,6.9,0.0,14.8,0,0,1,47.6,6.52,54.1,39.2
CSE0141,16.6,80.3,11.4,7.4,7.6,6,0,0,91.6,7.98,70.5,58.8
CSE0142,24.1,96.9,0.0,5.4,9.8,3,1,0,38.0,6.41,72.8,35.8
CSE0143,3.7,79.0,7.6,4.3,9.9,4,0,0,50.8,6.14,57.4,19.3
CSE0144,16.3,85.4,5.6,9.2,13.4,0,0,0,44.3,7.08,74.9,52.9
CSE0145,16.8,67.3,9.7,6.9,13.0,7,2,1,43.9,6.47,74.4,68.8
CSE0146,20.5,85.1,9.9,9.8,8.9,4,0,0,58.6,5.5,72.9,56.6
CSE0147,6.3,77.8,5.2,0.8,10.3,0,1,1,83.0,7.0,55.9,62.8
CSE0148,5.8,91.8,5.2,4.9,8.1,2,0,1,64.1,7.32,62.5,32.8
CSE0149,18.7,94.2,7.6,0.1,2.6,8,5,0,38.9,8.6,76.2,42.8
CSE0150,17.1,100.0,4.4,4.3,11.3,3,1,0,100.0,8.23,78.4,70.6
CSE0151,16.8,87.0,11.4,4.3,19.5,2,1,1,56.6,8.54,79.3,62.2
CSE0152,17.4,83.9,6.5,6.9,5.6,3,1,1,43.5,7.99,66.0,31.6
CSE0153,10.2,82.3,0.0,5.1,6.1,4,1,0,83.2,7.57,61.5,58.7
CSE0154,16.6,75.8,6.5,6.9,5.6,1,1,0,45.6,5.85,54.9,36.1
CSE0155,17.1,84.1,3.8,7.1,13.6,5,3,0,88.3,7.36,75.0,68.9
CSE0156,10.0,76.5,1.5,11.5,12.2,1,1,0,37.6,7.86,61.0,37.5
CSE0157,28.1,82.0,3.1,4.1,9.2,5,0,0,83.6,8.8,81.5,42.8
CSE0158,18.3,95.8,8.4,2.2,5.4,2,2,0,59.0,7.95,73.2,42.7
CSE0159,6.7,67.9,13.3,5.7,10.5,1,0,0,80.8,8.56,53.2,40.4
CSE0160,19.6,93.7,9.3,2.6,2.2,0,1,0,93.0,6.06,70.9,57.6
CSE0161,8.2,95.8,5.6,9.4,10.7,2,1,0,32.3,6.84,60.7,35.7
CSE0162,20.5,78.6,9.8,4.2,14.4,1,1,1,80.5,7.67,74.8,70.8
CSE0163,23.1,54.5,6.2,3.3,3.7,2,0,0,26.8,8.48,69.2,7.6
CSE0164,9.3,72.7,5.2,3.6,2.3,0,2,1,34.1,7.04,38.8,25.3
CSE0165,21.7,95.6,3.4,7.2,17.9,3,0,0,38.9,7.11,76.0,55.1
CSE0166,17.9,79.7,1.0,4.5,6.9,6,0,1,65.1,7.96,73.3,55.3
CSE0167,20.8,68.0,6.4,3.1,15.7,2,2,0,55.7,5.96,69.6,64.5
CSE0168,28.3,73.9,8.6,10.0,9.2,0,3,0,51.7,8.97,78.3,41.0
CSE0169,13.3,90.1,7.6,2.4,9.2,2,0,0,57.9,6.23,64.2,48.1
CSE0170,9.7,86.6,6.3,5.1,12.2,1,0,0,66.8,5.09,61.3,38.4
CSE0171,8.8,77.1,4.2,7.0,5.6,6,3,1,68.4,7.21,62.1,57.9
CSE0172,9.3,75.6,10.4,0.1,10.7,4,0,0,76.9,9.07,68.1,58.9
CSE0173,14.5,75.3,2.7,6.4,8.1,1,0,1,91.4,7.85,64.3,69.6
CSE0174,17.4,68.9,11.1,1.8,3.4,2,1,0,54.6,8.03,57.2,50.7
CSE0175,16.9,99.4,4.0,7.5,11.7,5,0,0,44.6,7.25,73.3,67.7
CSE0176,20.8,76.1,5.0,2.1,8.7,2,1,0,67.3,7.03,63.5,63.6
CSE0177,15.1,94.6,2.1,7.1,9.2,3,1,1,32.1,5.5,53.6,37.7
CSE0178,25.2,98.3,6.0,8.3,3.9,2,3,0,41.4,4.71,66.5,52.6
CSE0179,13.1,92.0,11.9,7.6,18.0,1,4,1,75.0,7.42,75.7,70.0
CSE0180,34.0,74.8,10.1,5.8,14.4,5,1,0,52.5,8.64,92.7,84.7
CSE0181,19.4,84.8,11.9,4.3,14.8,3,3,1,30.8,7.58,77.6,66.8
CSE0182,9.0,79.7,10.1,3.3,8.5,3,1,0,25.2,7.89,65.0,29.9
CSE0183,7.5,69.2,3.6,9.4,1.4,2,1,0,56.0,8.94,49.3,46.9
CSE0184,18.4,83.9,6.7,2.9,19.8,5,1,0,77.8,7.56,82.8,57.2
CSE0185,13.4,65.9,4.9,1.9,9.7,2,0,0,77.6,7.07,74.1,51.1
CSE0186,20.0,94.3,13.3,7.0,6.3,2,2,0,57.2,6.3,74.7,43.1
CSE0187,18.3,74.4,3.2,2.6,12.1,2,1,0,95.2,9.42,77.6,47.8
CSE0188,14.5,82.4,11.6,2.1,15.8,0,2,0,52.9,7.78,72.0,55.2
CSE0189,9.1,83.4,11.6,0.7,9.9,3,1,0,52.2,6.16,52.3,50.0
CSE0190,4.4,76.9,15.3,3.6,16.4,5,3,0,3.7,5.91,61.1,41.9
CSE0191,11.9,87.0,6.4,4.8,15.4,2,1,0,46.1,8.58,67.5,43.6
CSE0192,21.0,74.3,10.8,5.7,4.6,2,2,0,72.0,6.06,67.0,44.2
CSE0193,16.5,90.5,17.1,7.9,6.6,4,1,1,86.3,9.24,79.4,55.7
CSE0194,6.3,63.8,5.5,6.6,14.8,5,0,1,38.4,4.17,54.9,37.7
CSE0195,16.2,81.5,1.9,4.4,0.0,4,0,0,64.2,8.76,57.0,41.0
CSE0196,17.7,100.0,0.5,4.4,9.3,2,0,1,75.9,7.74,83.0,66.4
CSE0197,8.8,68.0,10.9,6.5,2.8,2,0,1,55.2,7.33,57.0,49.9
CSE0198,16.1,71.9,0.5,8.8,7.6,2,1,0,9.3,7.01,45.1,14.9
CSE0199,15.4,86.2,6.5,5.4,8.5,2,0,0,59.9,9.28,64.5,37.8
CSE0200,7.0,82.2,9.7,3.6,8.2,2,1,1,70.2,7.98,62.6,43.5
CSE0201,17.5,84.2,8.7,2.0,7.2,3,1,0,36.1,6.21,75.5,15.2
CSE0202,18.9,85.9,9.7,0.7,4.5,5,2,1,49.9,5.31,64.8,59.3
CSE0203,22.6,87.6,8.9,7.0,21.5,3,2,1,31.9,7.4,79.6,59.5
CSE0204,22.4,93.3,13.1,6.7,19.3,3,0,0,3.6,7.2,70.1,36.8
CSE0205,5.4,84.9,4.2,6.7,4.2,5,1,0,75.5,5.53,58.5,63.7
CSE0206,8.4,77.1,5.3,4.6,17.9,4,1,0,54.9,7.14,59.2,53.1
CSE0207,18.6,88.1,4.9,9.2,8.0,1,0,0,87.0,6.57,61.3,52.1
CSE0208,18.6,100.0,11.3,3.5,10.6,2,1,0,72.1,7.21,74.6,60.0
CSE0209,18.6,78.4,11.6,7.9,9.7,1,0,0,47.9,8.0,65.2,51.9
CSE0210,42.0,68.3,9.8,4.9,6.7,5,0,0,53.3,8.84,84.2,63.6
CSE0211,19.0,93.3,12.7,3.2,14.9,0,0,0,66.3,8.2,71.7,55.0
CSE0212,22.9,78.6,3.3,6.8,10.6,5,0,0,74.3,6.41,77.6,60.6
CSE0213,21.7,53.9,14.7,6.2,7.6,4,1,0,61.5,7.61,68.3,54.6
CSE0214,19.6,90.2,14.1,6.1,3.5,3,0,0,77.1,7.27,67.2,52.6
CSE0215,12.8,73.6,10.9,5.2,5.5,3,0,0,49.1,5.73,54.1,31.3
CSE0216,20.3,78.9,15.1,4.9,1.8,3,3,0,35.1,7.64,70.4,39.1
CSE0217,9.6,84.0,1.4,12.2,10.1,1,2,1,53.7,9.24,57.1,66.2
CSE0218,13.3,82.3,5.9,8.6,4.0,1,5,0,59.1,7.24,73.6,75.1
CSE0219,11.6,88.5,5.1,7.2,8.7,2,1,0,31.0,5.45,59.5,50.7
CSE0220,15.6,74.8,10.9,5.3,16.9,3,1,1,28.3,7.23,76.0,36.3
CSE0221,31.2,86.2,3.8,8.0,16.0,3,1,0,63.9,5.86,81.4,53.8
CSE0222,1.9,76.9,11.0,6.6,9.8,3,1,1,46.9,8.15,47.4,32.3
CSE0223,19.8,88.9,13.5,5.1,9.6,4,1,0,51.7,7.78,83.8,52.7
CSE0224,3.7,87.4,10.8,4.1,19.4,5,0,1,47.8,7.01,60.7,24.6
CSE0225,11.7,68.8,9.1,4.8,12.6,2,1,1,85.4,6.84,62.4,57.1
CSE0226,22.6,93.0,4.0,0.0,8.4,2,1,0,80.2,6.97,73.4,69.4
CSE0227,15.4,73.6,4.6,5.6,2.9,3,0,0,30.3,7.21,61.8,40.2
CSE0228,7.5,89.7,13.0,3.5,12.0,2,2,1,44.3,6.35,70.2,42.2
CSE0229,10.0,84.4,11.1,9.8,14.1,4,1,1,72.0,5.67,74.5,60.3
CSE0230,19.8,100.0,7.8,5.1,6.8,5,0,1,67.0,8.45,77.7,63.6
CSE0231,9.9,77.3,6.3,1.4,11.5,4,1,0,54.2,6.78,58.0,54.9
CSE0232,16.5,75.8,0.0,4.9,8.2,4,2,1,32.2,7.38,64.4,44.2
CSE0233,15.3,79.8,3.7,1.9,9.1,5,1,0,41.3,7.51,62.3,42.6
CSE0234,10.4,76.4,15.6,6.4,0.0,2,1,0,44.7,7.55,63.3,28.1
CSE0235,30.0,89.6,2.9,5.9,8.9,5,0,0,60.5,5.91,80.0,46.5
CSE0236,19.4,60.6,8.8,7.9,14.8,1,2,0,89.1,5.36,71.0,66.5
CSE0237,1.0,67.4,12.0,2.6,6.8,2,1,1,41.3,6.55,36.1,31.7
CSE0238,16.3,67.2,3.0,5.1,10.3,3,2,0,34.5,7.64,60.7,33.2
CSE0239,10.4,91.4,8.7,0.9,6.2,3,0,0,52.8,6.4,58.3,42.5
CSE0240,21.0,100.0,11.8,7.1,11.8,3,1,1,75.6,6.81,83.3,71.3
CSE0241,9.5,78.7,8.0,6.6,8.9,2,1,1,26.1,9.54,57.8,43.8
CSE0242,14.2,78.0,19.5,6.5,5.3,5,1,0,84.1,5.17,63.5,52.7
CSE0243,18.5,80.8,1.3,5.0,16.7,3,1,0,51.6,6.37,68.1,35.5
CSE0244,21.1,93.9,12.2,6.2,14.6,2,3,0,40.3,9.29,79.2,59.7
CSE0245,6.6,68.9,7.3,9.8,7.0,3,2,0,23.0,7.15,54.6,29.2
CSE0246,12.7,82.9,11.1,4.1,12.5,6,0,0,69.1,6.42,65.2,47.7
CSE0247,11.7,91.7,9.8,5.4,12.7,8,4,0,51.6,8.49,86.3,55.2
CSE0248,10.4,86.0,5.1,1.7,13.2,3,2,0,58.4,7.26,69.5,48.5
CSE0249,27.4,82.3,8.9,2.4,1.5,0,2,1,37.0,6.82,71.2,58.0
CSE0250,17.8,92.0,0.6,5.3,15.0,5,2,0,48.6,7.41,70.3,53.9
CSE0251,6.2,47.6,10.4,8.3,7.2,3,1,0,45.3,6.48,53.0,29.3
CSE0252,21.4,88.1,9.2,4.2,8.2,4,3,0,53.0,6.08,75.5,64.2
CSE0253,29.9,72.2,10.6,4.3,23.2,3,0,0,41.6,7.08,80.5,59.5
CSE0254,22.2,58.0,12.2,3.8,11.5,2,0,0,24.3,6.09,65.8,16.3
CSE0255,4.4,86.1,9.5,3.4,8.1,3,1,0,100.0,7.21,71.4,63.2
CSE0256,11.6,96.5,8.6,5.9,0.0,1,1,0,27.7,7.59,50.0,45.5
CSE0257,23.9,78.4,4.5,0.5,16.9,3,1,0,58.6,8.14,69.0,33.0
CSE0258,10.0,91.4,5.2,8.8,3.3,0,1,0,19.6,8.44,49.5,12.2
CSE0259,18.1,99.3,12.7,3.0,5.0,1,0,0,15.1,6.75,54.1,5.0
CSE0260,20.4,95.8,13.7,7.2,8.3,3,1,1,57.0,7.75,79.4,56.1
CSE0261,8.5,99.7,7.0,1.2,17.1,1,1,0,58.5,7.74,68.9,54.8
CSE0262,14.6,88.9,8.2,7.0,13.9,0,5,0,80.2,7.56,75.0,70.5
CSE0263,1.0,80.9,4.4,7.0,9.2,0,1,0,63.0,6.67,45.8,51.5
CSE0264,7.8,60.8,12.7,6.2,11.5,4,2,1,52.0,6.07,67.1,62.8
CSE0265,13.2,77.0,10.7,2.0,7.0,3,2,1,36.0,7.75,65.9,60.4
CSE0266,6.3,69.9,15.8,5.7,10.7,4,2,0,85.0,5.32,65.3,71.8
CSE0267,26.4,100.0,4.5,1.5,10.4,7,2,1,73.6,6.91,93.4,71.9
CSE0268,5.0,77.9,6.5,4.2,14.8,3,1,0,30.1,4.39,48.5,37.2
CSE0269,11.9,81.5,8.9,8.1,14.8,1,2,1,55.8,5.73,76.5,48.5
CSE0270,15.9,86.6,10.6,7.4,12.5,3,0,0,57.9,6.24,65.0,47.6
CSE0271,25.1,80.5,7.1,5.0,8.2,3,1,0,48.1,8.41,84.2,50.7
CSE0272,4.9,100.0,4.5,2.1,13.7,2,2,0,70.4,7.96,59.2,50.4
CSE0273,23.1,72.5,11.5,6.9,9.5,7,1,0,71.6,6.59,80.3,80.1
CSE0274,15.1,82.3,10.9,5.1,4.6,2,3,0,51.2,8.0,63.8,44.8
CSE0275,8.1,71.1,4.3,0.0,8.0,4,4,0,49.4,8.18,66.1,41.4
CSE0276,18.2,64.2,13.4,7.3,10.4,3,2,0,85.0,7.02,70.1,58.3
CSE0277,16.4,72.7,12.7,4.9,14.6,2,1,0,73.7,5.68,69.4,63.8
CSE0278,10.8,79.6,8.5,8.6,9.1,0,0,0,56.4,6.97,53.5,25.8
CSE0279,15.5,74.8,8.3,1.7,4.0,7,0,1,22.4,7.09,67.5,37.0
CSE0280,12.3,71.7,10.2,0.0,10.3,5,0,1,61.9,5.84,60.1,64.4
CSE0281,15.8,63.1,4.6,5.8,10.6,5,1,1,69.0,7.6,77.0,66.2
CSE0282,19.6,79.0,8.1,5.9,10.9,1,0,1,0.0,7.51,56.1,28.4
CSE0283,26.1,61.9,0.0,0.0,14.6,4,0,1,60.0,7.69,63.8,60.0
CSE0284,6.3,89.1,11.5,2.1,15.1,4,0,0,46.7,7.51,68.2,31.4
CSE0285,29.9,81.0,1.8,13.3,7.0,2,0,0,50.6,8.0,69.0,44.3
CSE0286,1.3,62.5,14.0,4.1,6.9,1,4,0,36.9,7.0,50.7,35.6
CSE0287,13.9,76.3,6.7,7.2,4.8,4,0,0,52.0,7.42,58.5,45.1
CSE0288,19.1,71.0,7.2,3.0,13.5,5,0,1,82.8,6.76,66.6,76.6
CSE0289,17.0,83.8,5.5,0.0,17.2,5,1,0,46.1,6.56,68.1,53.4
CSE0290,10.6,96.1,6.8,4.5,8.4,2,1,1,74.3,8.67,77.5,67.2
CSE0291,13.5,57.5,13.7,4.2,8.8,6,0,0,38.9,4.95,62.3,57.5
CSE0292,11.5,81.4,0.0,3.8,17.3,3,5,1,70.2,8.16,74.6,82.6
CSE0293,10.9,78.1,13.1,4.7,12.5,4,1,0,55.0,6.52,71.0,61.2
CSE0294,20.9,88.1,9.4,5.8,12.2,4,2,0,62.0,6.37,69.7,52.4
CSE0295,17.5,82.6,3.2,4.5,4.0,2,3,1,55.1,7.49,65.4,43.9
CSE0296,10.1,71.0,3.7,1.2,13.4,10,2,0,67.8,5.56,67.6,72.3
CSE0297,21.3,76.2,14.7,6.5,5.4,4,0,0,3.6,6.3,61.5,15.9
CSE0298,17.2,70.4,4.2,0.0,4.3,3,1,0,26.6,6.27,52.4,29.2
CSE0299,20.7,92.9,3.4,0.0,8.3,0,1,0,63.3,6.96,59.5,52.2
CSE0300,19.4,80.3,12.5,7.2,7.1,2,2,0,14.1,6.32,52.0,49.3
CSE0301,9.2,100.0,9.4,6.5,8.9,2,0,0,44.4,8.96,69.0,33.5
CSE0302,11.1,79.3,4.2,4.8,2.8,1,1,0,53.9,9.18,58.9,30.4
CSE0303,20.2,71.5,8.9,0.8,14.8,4,2,0,38.4,4.98,70.5,54.6
CSE0304,19.3,61.8,3.9,2.9,15.6,4,2,0,41.2,7.8,63.7,43.8
CSE0305,14.9,58.4,12.4,4.2,0.3,2,0,1,60.4,8.14,56.8,40.4
CSE0306,15.8,61.0,12.2,0.2,14.9,3,0,1,75.2,7.8,70.5,58.6
CSE0307,23.9,83.2,10.1,2.8,5.9,6,2,0,35.8,6.48,77.4,50.7
CSE0308,10.9,86.1,9.4,7.0,14.3,2,1,0,43.5,6.93,61.7,45.0
CSE0309,18.8,61.0,15.0,9.3,9.7,2,2,0,40.4,6.38,69.3,40.9
CSE0310,13.6,90.7,8.0,3.7,10.1,4,2,1,6.6,6.74,58.5,32.0
CSE0311,13.5,74.2,3.3,7.3,9.1,5,2,1,57.8,5.87,63.2,54.0
CSE0312,22.7,81.8,9.8,0.0,16.1,2,0,1,73.7,7.07,77.0,45.7
CSE0313,20.8,99.3,16.3,7.0,3.8,2,1,0,75.3,5.55,81.5,57.1
CSE0314,20.7,90.8,3.9,2.6,13.0,4,2,0,37.6,6.98,71.8,59.6
CSE0315,24.1,76.8,6.6,5.9,15.5,3,1,0,30.0,5.83,77.2,56.3
CSE0316,15.1,69.3,9.7,4.3,13.6,4,3,0,55.4,7.43,62.1,57.1
CSE0317,19.8,54.2,7.8,9.0,21.6,3,2,0,71.6,6.45,71.7,64.0
CSE0318,12.8,71.4,4.1,2.4,7.4,2,3,0,58.1,7.52,61.2,56.7
CSE0319,17.3,77.5,12.5,6.9,14.8,5,0,1,60.8,8.39,81.0,67.6
CSE0320,14.1,68.2,17.3,4.2,9.5,0,1,0,77.8,8.95,64.9,52.0
CSE0321,15.7,78.4,8.8,4.5,16.2,4,1,1,40.2,4.42,74.3,70.5
CSE0322,19.2,80.9,4.4,4.4,10.0,3,0,0,50.6,6.28,63.1,45.1
CSE0323,9.3,77.3,1.8,2.5,8.1,1,0,1,87.7,6.87,52.3,49.7
CSE0324,29.6,72.2,9.0,5.0,16.5,4,2,1,51.1,7.71,84.2,66.2
CSE0325,8.0,82.0,12.4,4.8,7.5,4,1,1,29.7,5.38,56.4,24.9
CSE0326,6.5,85.3,9.9,5.7,2.9,3,3,1,41.6,6.12,74.0,51.3
CSE0327,23.1,66.9,8.0,5.3,7.4,0,1,1,36.2,7.34,70.4,42.2
CSE0328,20.5,96.9,5.6,7.4,13.1,3,4,0,62.1,7.29,79.3,72.8
CSE0329,19.4,78.8,3.6,7.8,17.0,5,1,0,37.1,7.62,69.4,71.9
CSE0330,19.4,80.2,11.3,1.8,10.6,1,1,1,60.4,7.69,77.7,48.8
CSE0331,14.9,88.5,11.7,7.6,16.6,5,3,1,40.3,7.57,83.9,42.5
CSE0332,8.7,82.8,1.8,1.4,3.2,2,0,1,12.5,7.41,32.7,25.8
CSE0333,15.5,91.4,14.4,6.8,7.8,2,1,0,61.1,7.26,74.1,50.0
CSE0334,10.3,83.4,10.3,6.9,8.6,2,3,0,58.0,7.93,66.3,44.8
CSE0335,21.8,72.7,13.6,0.0,9.4,3,0,1,65.4,4.74,62.2,57.9
CSE0336,14.0,84.3,2.6,5.3,10.4,5,4,1,41.5,8.9,77.5,69.2
CSE0337,9.2,66.3,2.5,3.6,13.5,5,0,0,39.4,4.78,62.1,32.6
CSE0338,12.8,81.3,7.4,2.7,7.8,2,3,0,63.0,6.01,65.5,49.2
CSE0339,17.9,79.6,10.0,9.1,10.7,3,0,0,85.4,6.95,77.6,74.7
CSE0340,11.1,77.5,15.2,3.0,9.8,0,2,0,55.2,7.94,74.1,36.0
CSE0341,9.2,78.5,10.8,2.6,5.4,4,1,0,63.5,4.0,51.0,46.0
CSE0342,16.7,57.4,7.0,5.2,9.4,2,1,0,48.6,7.17,48.5,20.2
CSE0343,16.7,73.4,3.9,7.1,9.3,8,1,1,24.1,8.07,71.8,38.6
CSE0344,11.5,81.1,12.9,4.6,9.2,5,1,0,74.3,8.29,70.1,58.0
CSE0345,11.7,81.9,4.1,8.5,10.2,4,1,0,73.2,6.43,55.9,68.8
CSE0346,16.6,67.7,14.5,6.6,10.4,3,0,1,69.2,6.87,69.8,44.4
CSE0347,4.9,95.2,6.9,0.0,7.8,3,4,1,51.4,6.52,67.0,52.4
CSE0348,5.1,69.6,14.4,3.4,16.4,1,1,1,66.9,6.77,61.4,48.6
CSE0349,10.0,91.6,10.7,3.3,4.2,1,0,0,72.9,6.06,54.7,48.7
CSE0350,13.5,85.1,7.5,6.4,6.4,3,1,1,87.4,6.22,67.4,51.1
CSE0351,17.2,72.2,5.9,0.0,23.9,4,1,0,74.8,7.68,74.1,70.6
CSE0352,25.3,100.0,6.6,12.6,4.8,2,1,1,56.3,7.34,67.5,51.8
CSE0353,21.0,65.7,9.7,6.6,3.2,2,0,0,28.8,7.74,59.0,34.6
CSE0354,13.9,91.0,8.3,5.4,13.7,4,1,0,58.1,7.44,63.2,54.5
CSE0355,14.9,92.0,5.6,8.5,0.0,2,2,0,60.1,7.97,68.3,43.9
CSE0356,8.0,72.0,7.3,12.0,8.8,3,3,0,69.2,8.17,55.5,64.1
CSE0357,14.9,96.7,8.3,7.6,20.7,2,1,1,82.1,5.28,81.5,71.2
CSE0358,13.0,77.0,0.0,7.8,2.3,1,0,0,53.1,6.26,47.5,34.0
CSE0359,17.3,83.5,9.8,5.4,0.1,4,1,0,97.0,6.95,67.6,56.7
CSE0360,9.2,83.1,4.1,4.6,2.5,3,1,0,19.8,7.18,52.2,26.8
CSE0361,18.6,78.4,3.4,3.6,14.5,2,1,0,63.4,6.46,61.0,56.4
CSE0362,25.7,89.7,1.3,2.5,15.6,4,1,1,39.0,8.2,79.5,48.6
CSE0363,14.2,89.5,0.8,2.9,7.4,2,0,1,16.9,9.38,56.3,26.7
CSE0364,17.8,59.0,2.6,0.9,13.4,3,0,1,51.0,7.4,58.8,40.2
CSE0365,19.8,95.7,5.2,4.8,17.0,0,0,0,25.9,7.29,67.9,35.9
CSE0366,12.2,60.1,15.8,0.0,18.9,4,2,0,51.8,8.13,63.4,49.2
CSE0367,16.6,92.4,5.9,5.6,8.8,4,0,0,55.7,5.15,56.7,54.7
CSE0368,15.1,93.5,8.7,4.9,0.0,3,2,0,77.4,7.23,69.8,59.0
CSE0369,15.7,66.9,9.6,5.4,5.9,0,2,0,24.8,8.28,57.5,23.7
CSE0370,9.6,75.1,8.5,3.4,7.9,0,3,1,73.2,6.49,62.9,55.5
CSE0371,15.2,66.7,7.7,14.2,8.7,3,1,0,57.0,5.85,62.3,59.4
CSE0372,18.5,77.4,3.2,9.1,9.1,2,4,0,75.6,7.0,70.6,66.3
CSE0373,25.2,76.3,13.8,1.3,15.6,3,0,0,46.4,7.13,78.3,42.8
CSE0374,21.7,89.4,15.2,5.7,16.4,2,1,0,28.4,6.2,73.6,35.2
CSE0375,30.1,95.7,1.3,3.2,9.1,6,1,1,30.7,9.51,72.5,64.4
CSE0376,9.6,96.7,3.9,2.0,15.5,4,2,0,29.2,6.67,52.8,51.8
CSE0377,21.1,73.3,6.9,1.0,11.8,3,0,0,64.6,5.93,76.3,49.2
CSE0378,16.3,77.5,4.1,6.3,10.3,4,3,0,84.5,7.1,71.4,77.0
CSE0379,30.3,59.8,10.0,3.0,14.5,6,0,1,43.7,8.2,85.9,34.2
CSE0380,9.3,70.3,5.1,7.9,10.4,3,1,1,67.6,7.22,59.8,69.0
CSE0381,9.1,91.6,16.7,8.0,20.3,0,2,1,24.5,7.73,70.0,44.0
CSE0382,10.8,99.4,12.8,9.1,2.8,0,1,0,58.6,6.24,58.9,40.0
CSE0383,1.0,65.2,8.9,2.4,7.4,7,2,0,68.4,8.84,73.1,50.0
CSE0384,11.3,72.9,12.1,6.4,9.4,5,1,0,26.0,7.82,63.3,52.6
CSE0385,9.7,79.7,12.4,6.9,12.2,2,1,1,50.9,8.35,64.6,39.5
CSE0386,16.1,83.4,5.7,3.6,16.3,6,2,1,69.3,7.6,69.2,85.8
CSE0387,17.4,70.3,4.7,2.7,9.9,6,0,1,0.0,8.11,72.2,38.4
CSE0388,28.1,85.1,8.3,9.8,2.9,2,1,0,81.7,6.24,74.4,67.2
CSE0389,21.7,74.3,11.4,5.7,14.2,4,2,1,62.1,6.66,82.3,65.2
CSE0390,11.0,79.8,8.6,6.9,13.8,2,0,0,69.3,8.68,70.8,37.9
CSE0391,8.7,86.6,1.7,2.5,0.3,1,0,1,46.7,8.92,51.9,39.4
CSE0392,18.4,80.1,4.8,1.3,10.0,5,1,0,20.5,5.94,64.5,42.0
CSE0393,5.8,74.8,7.7,3.3,2.0,7,1,0,65.7,7.47,55.3,60.5
CSE0394,27.8,78.7,7.7,4.6,6.7,0,6,0,53.3,6.73,70.6,61.7
CSE0395,23.3,78.9,15.9,1.8,5.5,2,0,0,55.6,6.43,75.9,38.9
CSE0396,11.7,75.6,2.5,5.0,14.0,0,0,0,76.8,7.51,58.2,61.7
CSE0397,3.0,76.9,10.0,0.0,10.6,4,2,1,70.2,8.46,67.6,72.9
CSE0398,24.5,99.2,14.0,1.6,3.6,5,3,0,93.4,7.7,90.2,72.0
CSE0399,14.2,86.7,17.1,7.0,14.4,2,2,0,58.1,6.85,76.7,48.0
CSE0400,23.7,76.5,6.4,6.8,2.8,1,1,0,41.2,7.77,55.9,47.6
CSE0401,3.8,88.4,10.0,3.8,11.7,3,0,0,51.2,6.8,53.7,35.5
CSE0402,10.8,76.0,10.3,1.9,5.9,2,3,1,63.3,7.65,64.2,59.6
CSE0403,15.0,94.1,8.8,1.9,8.2,3,1,0,75.3,8.74,68.5,50.5
CSE0404,15.3,84.4,7.6,3.9,12.5,3,0,0,25.7,4.92,59.9,50.1
CSE0405,11.8,78.7,9.7,6.9,12.6,5,1,1,55.2,8.08,77.5,51.6
CSE0406,19.4,85.4,0.0,7.8,16.7,4,0,1,87.2,5.51,79.9,77.2
CSE0407,7.5,61.1,10.7,3.5,9.6,2,1,0,50.2,8.55,54.6,34.8
CSE0408,14.0,66.5,8.5,1.5,11.5,7,3,1,73.6,6.5,74.3,70.3
CSE0409,15.8,65.7,7.1,5.8,7.8,3,1,1,64.9,5.86,65.2,52.2
CSE0410,18.6,81.7,16.2,2.5,10.9,3,2,1,74.1,7.96,84.3,71.9
CSE0411,20.0,100.0,5.3,3.4,12.2,0,2,0,38.8,7.6,64.8,52.3
CSE0412,7.1,100.0,6.4,9.0,9.5,6,1,1,38.9,6.1,74.3,55.3
CSE0413,4.3,87.7,16.0,7.5,1.0,3,0,0,55.4,5.82,59.8,32.7
CSE0414,23.9,86.0,4.7,5.5,11.7,0,1,0,24.4,6.99,70.1,39.1
CSE0415,17.3,58.4,5.8,1.2,11.8,6,2,0,49.6,5.88,69.2,64.3
CSE0416,9.8,73.5,7.4,5.6,6.6,3,1,0,60.1,6.03,59.0,53.9
CSE0417,25.9,70.5,11.4,8.2,3.6,6,0,1,90.7,7.33,75.2,46.6
CSE0418,15.8,72.5,8.8,3.9,17.4,1,0,0,63.1,6.14,62.5,47.1
CSE0419,23.3,78.0,2.8,9.1,12.5,5,1,0,67.5,7.67,65.9,63.5
CSE0420,15.5,74.3,5.9,8.9,8.9,4,1,0,78.3,8.84,72.5,66.9
CSE0421,29.4,56.2,5.6,10.0,4.3,4,2,0,35.7,7.04,66.8,52.4
CSE0422,27.3,89.0,7.7,5.9,5.9,4,1,1,51.7,7.34,78.6,64.8
CSE0423,13.3,67.1,9.7,6.8,16.5,1,0,0,100.0,9.42,78.0,52.9
CSE0424,21.8,82.9,9.7,9.2,10.7,1,1,0,53.4,5.89,65.8,53.2
CSE0425,19.5,100.0,0.9,6.3,7.2,9,0,1,77.3,8.51,80.3,79.0
CSE0426,24.6,69.0,12.3,3.5,12.5,6,0,1,74.3,8.38,83.1,55.2
CSE0427,8.2,49.6,9.0,3.7,5.9,4,1,0,25.4,8.14,40.0,55.1
CSE0428,19.8,76.6,13.5,5.7,17.5,2,0,0,61.2,8.62,74.2,65.4
CSE0429,22.4,93.2,9.8,1.1,16.8,3,1,1,57.9,7.51,67.8,61.3
CSE0430,2.7,100.0,12.4,4.6,7.7,4,2,1,61.6,6.56,62.5,44.1
CSE0431,6.7,65.2,9.9,8.3,6.9,4,3,1,39.9,8.4,66.3,49.2
CSE0432,1.0,86.0,13.4,0.0,0.0,2,3,1,32.7,8.45,58.7,32.2
CSE0433,13.1,74.4,10.1,9.6,2.6,1,0,1,45.5,8.42,57.5,42.5
CSE0434,20.0,78.7,7.6,8.4,3.3,4,2,1,53.0,7.25,71.3,71.4
CSE0435,25.5,100.0,17.1,3.6,10.7,1,3,1,78.7,6.41,82.4,66.2
CSE0436,15.5,62.0,11.6,6.6,8.4,4,2,0,91.3,7.41,70.6,72.5
CSE0437,26.4,83.0,10.3,5.0,3.3,5,1,0,82.9,8.24,97.0,51.9
CSE0438,5.3,85.6,2.9,8.7,8.6,2,1,0,72.2,8.33,68.9,44.7
CSE0439,3.1,93.0,2.8,7.9,12.5,4,0,0,34.9,6.73,53.5,39.7
CSE0440,14.6,81.2,9.2,0.8,12.6,2,2,1,46.8,7.55,69.6,57.4
CSE0441,17.7,83.7,8.6,6.8,0.5,3,0,1,59.2,5.76,58.3,39.6
CSE0442,14.8,75.3,5.5,4.4,9.4,4,1,1,42.4,8.28,61.8,45.1
CSE0443,1.0,83.2,8.6,5.2,3.1,4,1,1,66.5,6.34,57.4,60.1
CSE0444,14.4,75.9,14.4,2.8,14.5,3,2,0,69.4,8.06,70.8,69.9
CSE0445,5.9,87.5,10.8,10.2,13.9,5,0,1,65.7,5.94,70.9,60.2
CSE0446,19.7,75.6,3.4,8.1,5.5,3,3,0,75.5,8.33,79.9,42.9
CSE0447,17.6,84.5,7.6,2.8,6.2,2,1,0,36.9,7.55,64.8,60.6
CSE0448,8.4,79.6,4.8,1.0,7.7,1,0,0,73.7,6.34,54.3,40.4
CSE0449,11.4,93.5,6.4,3.8,0.0,4,0,1,41.1,7.96,52.4,33.3
CSE0450,7.6,79.4,6.3,6.3,11.7,2,1,0,36.2,6.55,58.1,32.4
CSE0451,14.6,58.7,6.1,5.7,8.6,4,4,1,65.6,8.02,62.9,71.7
CSE0452,21.7,95.1,3.0,8.8,14.9,5,1,0,79.3,6.9,76.6,74.4
CSE0453,8.1,69.1,7.5,7.4,4.5,0,0,0,64.8,5.31,53.0,45.3
CSE0454,18.5,72.2,5.8,7.9,6.9,2,1,0,55.4,6.12,66.5,39.3
CSE0455,11.3,72.9,0.0,6.0,2.5,2,3,0,61.2,6.73,51.9,45.5
CSE0456,9.4,96.5,16.2,0.8,5.0,2,1,1,57.7,8.71,68.4,62.0
CSE0457,14.3,54.4,12.4,4.4,4.1,1,1,0,32.5,8.19,51.0,33.1
CSE0458,7.8,100.0,6.5,8.2,15.0,2,1,1,30.1,8.99,60.5,41.7
CSE0459,11.1,92.7,8.1,4.8,6.5,2,0,1,53.4,9.02,63.1,33.5
CSE0460,6.6,82.7,3.3,6.5,10.6,7,1,1,56.6,6.61,54.2,62.5
CSE0461,28.8,79.3,14.8,4.0,8.1,2,1,0,55.2,6.99,81.1,62.0
CSE0462,15.2,83.4,15.6,1.9,3.7,3,1,1,68.5,6.75,72.7,60.0
CSE0463,10.1,86.3,8.6,4.6,9.2,1,0,0,50.7,6.46,60.0,33.6
CSE0464,16.5,87.7,12.1,5.9,13.0,4,2,0,66.3,5.17,66.9,64.9
CSE0465,14.2,86.7,8.7,3.0,4.0,2,0,0,52.1,7.18,53.9,51.7
CSE0466,13.5,81.1,2.7,4.3,14.0,3,1,1,91.5,5.79,68.3,78.6
CSE0467,19.3,77.6,6.4,2.2,5.8,5,1,0,56.6,7.16,67.5,43.0
CSE0468,20.3,78.2,8.5,8.4,7.6,3,1,0,100.0,9.53,78.1,44.5
CSE0469,11.3,77.7,6.2,4.1,12.7,3,1,0,62.0,6.64,60.0,53.2
CSE0470,11.0,93.6,7.1,9.4,6.7,3,4,0,50.7,7.41,76.6,62.1
CSE0471,13.1,87.1,7.6,9.6,10.2,4,0,0,37.0,8.2,67.0,31.6
CSE0472,1.0,44.7,7.7,4.8,8.4,6,0,1,26.1,7.51,56.7,35.2
CSE0473,4.4,87.9,8.2,2.0,10.6,5,1,0,35.2,7.52,65.1,35.0
CSE0474,24.6,82.3,3.8,0.0,0.0,1,0,1,37.4,6.8,71.2,35.4
CSE0475,26.5,79.8,5.1,0.6,0.9,4,1,1,62.9,6.94,66.7,49.9
CSE0476,13.3,75.3,2.9,0.9,13.1,1,0,1,44.5,6.14,59.7,53.1
CSE0477,19.0,93.5,11.9,9.1,15.2,3,0,0,58.7,8.13,74.9,56.3
CSE0478,17.2,91.4,0.0,5.3,5.4,4,1,0,80.6,5.28,55.1,49.7
CSE0479,36.6,70.7,12.6,6.2,8.8,4,2,0,53.2,8.27,94.9,73.5
CSE0480,22.8,84.9,13.5,0.0,11.5,5,0,0,96.6,5.66,77.6,55.2
CSE0481,14.1,68.3,6.8,1.4,13.5,3,1,1,31.5,8.26,57.8,56.4
CSE0482,8.3,63.4,0.0,7.7,0.0,1,1,0,52.0,6.81,41.8,43.0
CSE0483,3.8,72.5,6.6,5.9,5.6,1,0,1,44.2,5.84,42.4,45.8
CSE0484,16.4,90.3,7.7,4.6,8.3,4,2,1,73.7,7.84,72.7,63.2
CSE0485,9.7,91.4,4.0,6.7,13.5,5,2,0,10.2,8.22,61.0,34.7
CSE0486,5.0,86.2,5.9,9.9,22.5,2,3,1,26.1,6.72,72.5,54.5
CSE0487,10.5,88.7,14.1,4.3,8.9,4,0,0,52.9,7.99,63.3,41.5
CSE0488,7.4,86.2,10.7,5.2,3.0,6,3,0,86.0,4.69,73.2,56.9
CSE0489,26.8,72.3,4.3,5.6,12.0,3,1,1,59.5,5.75,77.2,58.1
CSE0490,21.2,85.2,1.6,12.2,16.6,3,1,1,28.0,8.62,75.5,52.0
CSE0491,14.9,89.6,6.7,0.0,10.5,3,3,0,31.1,6.95,69.1,32.8
CSE0492,25.4,89.1,7.1,7.0,5.5,2,0,0,88.5,5.15,71.8,65.6
CSE0493,15.5,94.3,10.0,4.7,14.8,4,1,0,42.6,6.43,76.9,48.8
CSE0494,9.0,88.5,5.9,6.7,13.3,2,1,0,36.1,6.18,60.2,36.6
CSE0495,25.7,84.2,10.0,3.0,4.9,1,2,1,84.5,7.02,69.8,54.4
CSE0496,18.8,92.8,15.7,4.9,11.9,2,2,1,75.2,6.79,82.7,54.8
CSE0497,7.7,79.7,11.3,7.1,15.0,2,3,1,80.5,7.4,75.8,86.5
CSE0498,13.7,69.4,7.8,14.3,15.9,4,1,1,36.0,7.12,64.9,50.9
CSE0499,8.9,78.0,7.3,7.4,9.7,4,0,0,24.5,8.7,58.4,38.8
CSE0500,5.3,71.1,6.6,2.5,8.2,3,1,0,57.7,7.67,51.1,42.7
CSE0501,21.5,71.9,12.7,3.7,16.1,4,3,0,61.7,7.7,71.8,41.0
CSE0502,28.4,78.3,5.5,3.6,3.9,4,2,1,62.3,8.48,71.3,80.1
CSE0503,5.2,70.5,8.2,0.0,12.2,1,0,1,84.6,6.77,49.4,56.8
CSE0504,18.9,76.3,8.2,4.0,3.1,5,2,1,20.3,5.81,67.0,36.5
CSE0505,10.4,57.3,6.0,7.2,15.3,4,3,0,72.2,8.53,52.8,65.9
CSE0506,11.6,82.6,2.5,1.2,8.7,1,1,0,33.1,7.35,50.3,20.6
CSE0507,10.9,80.0,9.3,8.1,16.3,5,1,1,72.1,7.35,69.0,84.6
CSE0508,9.0,70.2,7.8,6.5,12.5,4,2,0,45.5,6.5,57.4,40.8
CSE0509,15.3,87.9,10.0,2.8,3.9,1,3,1,38.7,6.52,54.9,39.4
CSE0510,9.2,91.3,5.9,4.6,17.1,2,2,0,42.8,8.13,67.4,40.3
CSE0511,16.9,60.7,12.9,9.8,17.8,4,2,0,26.1,8.28,62.6,53.1
CSE0512,14.6,70.8,4.5,7.2,14.4,2,1,1,55.8,8.06,72.5,68.7
CSE0513,13.3,70.8,14.8,5.0,6.2,6,0,0,39.5,8.07,61.6,57.8
CSE0514,8.6,68.7,1.0,4.3,8.5,4,0,1,70.7,7.83,57.9,48.6
CSE0515,11.0,90.0,9.7,5.2,10.7,6,1,1,67.8,7.34,73.3,65.5
CSE0516,20.3,77.7,9.9,3.5,6.5,4,2,0,88.8,7.01,76.1,66.6
CSE0517,18.5,76.8,4.8,0.0,18.5,4,1,1,62.3,8.53,76.0,54.0
CSE0518,8.2,56.0,9.7,11.1,10.7,2,0,0,65.4,6.79,52.0,69.9
CSE0519,15.7,87.6,13.1,5.5,0.0,1,3,0,83.0,7.61,72.6,67.8
CSE0520,20.3,65.1,0.0,6.2,11.7,3,3,1,42.4,6.32,67.2,61.8
CSE0521,3.3,80.7,10.0,4.8,8.3,2,3,0,25.2,6.47,48.1,49.0
CSE0522,18.8,83.3,0.0,2.8,9.6,4,1,0,59.0,6.94,67.6,63.8
CSE0523,10.4,96.3,4.1,4.4,8.2,5,1,1,26.5,6.32,67.9,42.6
CSE0524,19.0,64.3,14.5,0.2,14.0,0,0,0,100.0,8.08,76.4,61.9
CSE0525,9.7,43.8,5.7,11.8,15.6,5,1,1,84.1,5.72,65.9,87.0
CSE0526,2.4,82.2,3.3,1.3,11.4,3,0,1,98.3,7.31,61.2,48.9
CSE0527,3.6,100.0,7.2,1.9,8.3,3,1,0,56.2,7.35,54.0,55.1
CSE0528,15.3,94.9,16.3,3.7,9.8,5,3,0,66.0,5.21,71.3,60.2
CSE0529,16.8,82.5,0.7,8.9,10.1,0,2,0,45.8,6.71,61.4,60.3
CSE0530,8.7,74.1,3.8,5.0,6.0,3,2,0,72.7,7.48,63.9,51.8
CSE0531,19.5,89.7,14.0,1.3,12.9,1,0,1,30.7,7.67,86.8,42.6
CSE0532,3.4,68.3,15.4,8.8,12.3,2,0,1,4.1,6.98,56.8,25.7
CSE0533,14.5,85.7,7.6,7.2,17.7,3,1,0,39.2,7.94,62.4,44.2
CSE0534,6.5,86.1,3.0,6.6,16.3,1,0,0,25.9,7.08,48.0,28.7
CSE0535,10.4,92.7,16.4,7.1,6.6,1,1,1,84.6,7.22,84.5,69.4
CSE0536,15.3,100.0,14.4,12.2,14.1,4,1,0,91.3,7.48,81.5,49.5
CSE0537,9.0,84.7,10.7,11.6,5.2,5,1,1,26.9,8.22,64.6,31.4
CSE0538,12.3,73.9,4.8,2.9,13.5,5,1,1,80.8,6.46,62.8,59.7
CSE0539,22.0,79.7,7.8,9.9,7.4,2,2,0,74.0,6.66,80.5,51.7
CSE0540,11.0,58.8,7.4,6.1,4.9,2,3,0,23.6,6.46,53.2,50.2
CSE0541,20.8,71.7,9.3,6.5,11.4,3,1,1,47.2,6.83,66.3,67.1
CSE0542,7.1,75.1,13.8,0.0,0.0,5,0,0,43.4,8.77,52.1,35.2
CSE0543,18.7,73.7,11.5,4.5,1.2,6,3,0,70.0,7.83,75.4,55.6
CSE0544,25.1,81.8,3.7,2.6,9.1,3,1,1,30.4,5.96,68.0,60.0
CSE0545,1.0,70.1,13.5,7.5,10.4,1,0,1,53.0,6.54,57.2,24.1
CSE0546,9.4,93.5,9.3,8.2,8.2,2,0,0,41.3,7.61,63.2,55.4
CSE0547,19.0,80.0,10.7,0.0,2.1,2,1,0,64.5,6.2,62.5,37.2
CSE0548,13.6,79.9,13.9,4.9,5.9,2,2,0,50.7,6.4,60.5,41.9
CSE0549,17.6,76.1,3.6,8.4,12.0,2,0,0,44.3,8.68,63.1,39.9
CSE0550,10.8,81.9,7.9,4.4,12.9,2,3,0,50.7,6.53,60.0,41.1
CSE0551,15.6,89.9,5.9,7.2,9.9,3,1,0,95.7,8.25,73.6,83.2
CSE0552,13.9,69.6,1.7,6.1,15.8,4,3,0,46.7,8.58,66.4,65.6
CSE0553,23.2,72.1,9.4,6.0,12.0,3,1,0,34.2,6.39,62.5,58.7
CSE0554,16.8,76.4,18.0,4.2,6.3,2,0,0,66.7,6.22,70.1,33.8
CSE0555,17.4,63.8,0.6,1.4,8.6,2,2,0,52.1,6.9,55.5,48.7
CSE0556,12.1,70.2,7.9,1.6,3.0,5,0,0,26.7,6.0,47.0,34.3
CSE0557,11.6,74.3,10.6,7.1,9.5,3,1,0,99.6,7.33,66.8,66.5
CSE0558,12.0,90.5,8.5,5.1,15.6,2,0,1,48.0,6.97,68.0,36.8
CSE0559,17.8,83.2,7.5,4.6,13.4,1,0,0,47.4,7.6,65.9,52.4
CSE0560,12.1,82.3,2.8,3.7,17.0,5,2,1,58.2,8.74,75.1,65.4
CSE0561,17.0,90.2,8.9,4.1,8.5,2,1,1,89.6,8.1,81.6,54.7
CSE0562,29.5,78.4,5.0,8.1,16.7,2,1,0,21.4,7.74,80.8,31.5
CSE0563,21.1,84.7,0.0,4.0,9.0,5,3,1,60.5,5.04,72.2,73.5
CSE0564,12.7,78.8,12.8,1.0,17.4,2,1,0,96.7,7.69,68.0,87.1
CSE0565,23.4,83.2,11.8,7.2,9.9,3,1,0,57.6,9.09,77.3,45.7
CSE0566,12.1,73.0,8.2,4.4,13.5,0,0,0,30.3,4.0,43.5,32.4
CSE0567,1.0,50.7,8.9,5.1,17.4,0,2,0,42.6,7.96,57.9,49.6
CSE0568,7.9,78.4,12.3,9.8,9.0,1,3,0,59.1,7.02,73.1,39.1
CSE0569,1.9,97.1,8.9,4.9,11.1,4,1,0,81.6,6.27,65.8,49.2
CSE0570,12.5,91.1,11.6,5.9,16.4,6,4,1,48.2,8.08,86.0,62.2
CSE0571,15.1,91.6,6.8,1.5,9.3,3,0,1,71.5,9.08,74.7,62.7
CSE0572,26.7,94.8,13.2,4.3,3.4,1,0,0,26.3,8.05,73.9,44.2
CSE0573,17.3,81.1,9.3,6.8,20.7,0,1,0,26.1,6.79,56.3,43.8
CSE0574,13.5,82.4,8.8,0.3,7.7,0,1,0,45.3,6.16,56.2,26.0
CSE0575,20.8,72.6,2.9,5.6,10.8,0,3,0,83.8,7.36,64.7,60.4
CSE0576,1.0,76.2,9.1,5.3,15.8,1,0,1,56.4,8.16,58.7,37.2
CSE0577,16.6,87.4,4.7,5.1,7.0,3,2,0,60.8,6.77,66.0,43.5
CSE0578,20.4,94.4,5.4,8.1,5.0,5,0,0,60.6,6.88,81.1,50.9
CSE0579,4.6,78.3,4.7,6.0,11.3,7,0,1,77.2,10.0,74.0,66.6
CSE0580,23.0,74.6,3.7,9.4,1.0,0,3,1,42.8,8.39,68.8,54.5
CSE0581,17.4,80.0,16.5,2.0,8.6,4,2,0,68.8,8.47,75.7,57.3
CSE0582,12.1,87.2,13.3,5.4,11.2,2,4,0,38.4,5.59,74.8,50.5
CSE0583,19.4,62.7,15.7,5.3,8.7,2,2,0,94.7,6.42,72.4,65.6
CSE0584,30.9,52.4,3.1,1.8,2.3,4,1,0,39.0,7.28,66.0,33.4
CSE0585,16.3,73.4,8.3,7.9,18.0,0,2,0,37.4,6.1,62.7,49.3
CSE0586,16.7,65.4,2.8,12.0,10.5,3,2,0,66.0,8.96,65.4,55.7
CSE0587,11.8,73.9,5.2,4.9,17.2,1,2,1,56.6,8.75,67.9,44.2
CSE0588,9.1,78.2,4.3,6.5,8.7,3,1,0,61.5,6.61,46.6,50.9
CSE0589,20.8,74.6,13.0,5.3,5.6,6,1,0,59.5,9.16,68.3,50.1
CSE0590,9.0,97.4,6.4,2.9,11.3,3,2,0,33.2,7.2,63.9,42.2
CSE0591,15.5,83.9,12.3,0.0,8.9,5,1,0,87.3,10.0,87.7,68.9
CSE0592,11.7,83.6,10.4,2.9,4.1,2,4,0,72.9,7.36,69.1,46.9
CSE0593,18.4,87.5,17.2,0.8,17.3,1,2,0,82.2,7.83,77.4,64.1
CSE0594,17.3,66.3,2.1,10.1,6.9,4,2,0,44.4,8.74,55.9,34.6
CSE0595,22.3,92.5,13.0,4.7,0.8,7,1,0,63.3,8.61,84.6,70.4
CSE0596,11.4,79.1,12.6,4.0,16.6,2,1,0,58.9,7.76,64.7,37.6
CSE0597,13.1,88.0,4.1,7.7,7.5,4,1,0,77.6,7.04,69.8,52.5
CSE0598,8.1,67.1,12.0,1.6,7.0,4,1,0,78.2,7.77,64.3,63.5
CSE0599,11.9,61.4,9.3,2.7,1.2,0,3,0,58.9,6.3,55.7,39.1
CSE0600,17.6,89.8,7.1,5.2,18.7,5,0,0,24.6,7.37,70.1,34.3
CSE0601,20.3,84.5,4.7,8.1,3.6,7,2,0,90.6,5.98,76.5,79.2
CSE0602,8.5,69.2,5.1,6.5,10.3,1,0,1,66.1,5.24,52.6,54.0
CSE0603,21.1,69.6,16.2,5.7,14.6,2,0,1,42.8,7.26,69.5,44.6
CSE0604,24.5,93.5,8.0,5.2,12.1,3,0,0,63.1,8.59,73.9,50.2
CSE0605,17.9,65.7,11.1,6.2,9.7,1,0,1,24.8,8.22,49.9,32.6
CSE0606,28.1,99.7,4.8,5.6,1.5,2,3,0,76.1,7.11,78.1,60.6
CSE0607,9.6,69.2,4.9,1.9,6.0,2,3,1,25.6,9.12,66.3,21.3
CSE0608,6.3,87.7,12.3,5.1,10.9,1,2,0,50.6,6.57,63.9,40.5
CSE0609,2.5,76.1,2.6,1.8,6.1,7,3,0,59.9,5.09,54.0,69.4
CSE0610,25.5,87.2,6.3,5.2,11.0,0,1,0,75.8,4.8,66.0,49.0
CSE0611,19.6,73.5,8.1,3.6,13.4,8,1,0,57.1,5.9,77.5,57.4
CSE0612,14.6,78.0,8.4,12.6,14.8,3,2,1,67.7,8.1,74.5,57.8
CSE0613,17.0,80.5,7.3,4.9,3.9,3,1,0,54.4,6.5,70.8,50.4
CSE0614,7.1,68.0,9.6,0.8,21.0,0,0,0,54.4,7.71,52.0,51.9
CSE0615,32.1,88.9,10.8,4.6,13.8,3,1,0,56.7,9.01,83.7,72.4
CSE0616,15.9,73.8,10.9,6.6,10.0,1,1,0,51.2,5.99,56.7,32.9
CSE0617,15.8,77.3,4.1,10.0,15.4,3,0,0,21.3,7.73,53.0,44.4
CSE0618,20.1,68.1,6.9,3.2,21.8,1,2,0,39.6,7.79,64.1,66.4
CSE0619,18.4,49.3,12.8,0.3,2.8,1,3,0,59.9,6.25,59.6,51.8
CSE0620,16.6,77.7,11.6,7.5,8.9,5,2,1,50.0,8.69,72.0,64.2
CSE0621,9.5,100.0,2.5,0.9,0.0,4,5,0,51.9,6.88,41.6,45.2
CSE0622,18.3,89.4,9.4,3.7,11.0,9,3,0,48.5,6.78,84.3,67.9
CSE0623,28.2,79.8,0.1,4.2,11.8,2,2,0,37.7,9.52,65.1,63.4
CSE0624,24.4,76.8,8.2,4.8,9.8,2,5,1,45.1,7.78,82.0,69.1
CSE0625,26.2,80.3,15.6,7.1,6.7,2,1,0,48.9,8.22,77.2,37.5
CSE0626,11.4,86.6,4.2,2.9,0.0,2,1,0,55.1,8.69,69.9,31.6
CSE0627,8.1,65.8,4.7,4.2,11.9,4,0,1,62.9,6.48,62.8,62.9
CSE0628,14.1,93.4,11.1,5.0,17.3,1,1,0,51.4,8.57,69.4,51.3
CSE0629,15.4,88.6,1.8,5.4,7.0,2,2,0,34.4,6.65,55.3,41.5
CSE0630,22.7,88.6,5.5,5.3,12.2,2,0,0,27.0,6.6,73.7,33.6
CSE0631,3.2,85.3,10.4,6.3,2.2,3,3,1,100.0,6.9,57.5,76.1
CSE0632,25.7,80.2,5.5,7.5,12.3,1,2,1,32.4,6.52,72.5,69.0
CSE0633,13.9,88.1,7.1,6.2,8.0,1,0,1,44.6,8.1,63.4,52.5
CSE0634,12.0,87.1,11.0,6.4,6.2,5,1,0,65.3,7.49,66.5,65.8
CSE0635,7.9,75.8,9.7,0.3,6.2,4,0,0,62.2,6.66,58.5,36.7
CSE0636,3.4,73.1,9.1,5.2,8.0,7,3,0,65.4,7.94,64.6,54.0
CSE0637,20.8,81.2,6.6,6.4,11.9,1,1,1,46.1,6.9,71.6,50.0
CSE0638,15.5,98.6,9.5,7.2,3.4,2,2,1,59.8,6.84,71.6,53.3
CSE0639,6.0,65.1,7.5,2.9,8.0,5,0,0,56.2,7.25,56.2,54.9
CSE0640,5.9,62.4,9.8,3.0,9.8,4,2,1,48.8,7.71,60.1,60.6
CSE0641,12.6,82.0,6.0,3.3,4.5,5,3,0,59.9,7.63,62.5,59.4
CSE0642,26.7,80.6,7.3,6.6,19.0,4,2,0,76.1,6.8,83.2,62.4
CSE0643,13.2,82.1,4.0,8.1,5.7,3,0,0,54.6,8.13,56.8,26.5
CSE0644,4.5,82.9,7.9,3.8,6.7,4,0,0,54.7,6.96,50.4,39.9
CSE0645,13.3,77.3,4.8,7.7,5.1,6,1,0,76.4,6.48,62.5,67.2
CSE0646,13.1,97.9,3.5,5.4,19.0,4,2,0,74.2,5.59,70.7,66.0
CSE0647,1.0,60.8,9.0,4.6,12.8,6,0,1,86.7,8.28,62.1,79.2
CSE0648,14.6,70.1,8.9,4.4,5.3,2,1,1,19.9,7.21,62.6,23.8
CSE0649,13.4,78.8,11.1,7.2,15.5,4,3,1,73.1,7.43,74.7,61.7
CSE0650,19.9,60.3,6.3,6.0,11.0,0,0,1,67.0,8.35,67.1,46.4
CSE0651,27.9,77.9,9.6,11.8,11.3,3,1,0,37.3,6.67,74.8,47.3
CSE0652,22.9,99.9,10.2,2.4,8.3,1,2,0,60.0,5.69,69.9,56.5
CSE0653,13.1,80.3,9.8,6.6,6.3,4,1,1,76.0,7.28,70.3,55.9
CSE0654,7.3,82.8,4.7,3.4,11.7,2,2,0,38.4,7.54,62.2,25.2
CSE0655,33.0,64.9,8.6,2.4,7.3,3,1,1,63.9,6.91,79.5,71.4
CSE0656,15.4,72.6,9.5,5.0,19.1,4,0,1,72.4,8.82,77.6,48.6
CSE0657,15.1,75.5,8.0,5.4,3.7,5,0,1,33.6,4.47,53.1,30.9
CSE0658,14.8,76.2,0.0,13.8,17.7,2,2,0,52.2,8.43,77.2,44.2
CSE0659,16.4,95.4,8.6,4.4,9.4,4,0,0,61.0,8.07,68.3,51.1
CSE0660,14.0,86.7,16.9,1.6,11.5,5,0,1,39.1,7.7,64.0,47.9
CSE0661,11.0,66.7,6.6,5.8,14.2,4,0,1,37.4,4.0,58.9,64.3
CSE0662,11.2,83.0,5.1,0.0,6.8,5,1,1,52.3,8.61,65.4,57.1
CSE0663,14.8,86.0,9.5,4.7,14.3,1,0,0,71.0,6.07,63.9,63.8
CSE0664,11.2,93.7,9.2,5.0,0.0,3,3,0,67.9,6.64,61.7,53.1
CSE0665,10.0,99.0,12.8,7.4,6.4,5,1,1,37.8,7.01,79.0,37.0
CSE0666,15.7,67.8,3.0,7.9,5.4,1,0,1,68.0,7.65,62.2,50.6
CSE0667,13.2,70.3,10.9,3.5,3.7,0,0,0,38.3,7.9,57.3,32.1
CSE0668,25.5,64.9,10.4,4.5,8.9,1,2,0,22.8,8.18,68.4,47.4
CSE0669,1.0,77.2,7.4,2.7,11.9,2,2,1,47.7,8.1,58.3,39.7
CSE0670,22.6,85.6,9.4,1.6,13.5,3,3,0,77.5,7.48,88.3,73.2
CSE0671,23.7,91.8,12.1,5.9,11.2,1,0,1,68.1,7.66,78.2,48.5
CSE0672,1.0,79.1,11.5,1.2,6.7,2,0,0,55.0,6.0,40.8,20.8
CSE0673,12.6,76.2,3.4,3.8,11.8,2,4,0,46.7,6.37,65.5,42.4
CSE0674,12.4,81.8,11.3,2.0,10.6,5,3,1,47.2,8.19,76.0,58.2
CSE0675,5.1,70.0,7.7,6.6,14.7,1,0,0,57.2,8.12,56.0,29.9
CSE0676,9.6,100.0,8.3,10.4,13.9,3,2,0,33.6,8.0,70.3,42.7
CSE0677,7.2,60.7,8.3,1.1,10.2,2,3,0,48.0,6.63,51.7,52.7
CSE0678,27.3,82.2,7.4,0.0,5.5,4,1,1,50.7,8.2,77.7,44.4
CSE0679,21.5,100.0,12.8,4.6,6.7,5,1,0,28.0,5.92,71.5,38.3
CSE0680,23.9,80.1,7.7,5.0,7.3,3,2,0,38.2,8.39,68.9,49.1
CSE0681,20.1,77.7,3.5,5.7,8.4,3,2,1,63.2,6.91,76.7,63.9
CSE0682,7.1,75.7,6.4,3.7,11.3,3,0,0,55.2,9.05,51.6,36.2
CSE0683,11.3,77.8,8.7,4.4,13.6,2,0,0,48.8,5.53,70.0,48.5
CSE0684,18.4,96.5,12.9,6.1,9.7,3,0,0,36.8,9.14,78.7,46.1
CSE0685,6.4,53.5,10.4,8.1,10.1,6,2,1,86.5,6.8,55.1,81.6
CSE0686,20.0,98.4,4.6,0.0,10.7,2,1,0,38.2,6.78,65.7,40.0
CSE0687,13.3,62.9,17.9,3.9,7.4,1,0,0,60.0,7.41,60.5,34.8
CSE0688,12.4,76.8,9.1,5.6,5.4,3,1,0,45.2,6.43,60.2,33.7
CSE0689,20.0,74.8,13.1,2.2,1.2,1,2,1,55.7,7.12,62.8,50.5
CSE0690,18.1,87.1,7.4,10.2,6.5,4,0,1,64.2,6.39,70.4,53.5
CSE0691,12.5,60.8,10.1,3.1,12.4,5,3,0,27.6,6.43,59.7,42.6
CSE0692,23.1,85.5,11.4,4.9,6.5,2,3,0,54.9,7.74,71.7,50.9
CSE0693,7.4,100.0,12.9,6.7,8.8,3,4,1,78.8,6.21,69.2,61.5
CSE0694,19.3,63.6,12.2,3.2,12.3,0,0,0,90.2,6.35,71.6,57.7
CSE0695,19.2,82.3,11.5,0.0,12.6,1,0,1,52.4,5.69,58.2,33.2
CSE0696,12.8,72.1,6.7,3.7,4.6,7,2,0,55.8,6.65,65.6,56.4
CSE0697,17.3,85.1,5.7,8.1,15.0,6,2,1,99.2,8.64,89.8,91.8
CSE0698,6.2,80.2,9.3,4.0,15.6,2,0,0,77.7,6.27,58.9,44.9
CSE0699,21.5,72.3,11.7,2.5,4.4,2,1,1,42.7,6.4,66.5,62.6
CSE0700,13.7,85.9,7.1,7.8,5.9,3,1,0,42.6,7.41,68.4,41.7
CSE0701,11.3,100.0,12.3,4.0,16.0,4,3,0,74.1,6.79,73.3,51.4
CSE0702,22.3,77.7,13.8,3.5,9.3,3,1,0,34.8,9.65,71.6,40.9
CSE0703,10.1,88.6,4.3,5.4,0.0,4,1,0,76.8,7.02,57.6,49.0
CSE0704,5.1,64.5,4.7,7.3,3.0,1,2,0,61.7,7.57,55.9,45.2
CSE0705,4.1,68.5,7.4,12.1,8.8,4,0,0,65.4,8.24,63.7,45.3
CSE0706,19.2,85.7,9.2,7.5,4.2,3,2,1,49.9,8.22,65.8,44.5
CSE0707,6.0,97.8,5.9,8.5,7.9,4,1,0,42.4,7.46,65.5,30.6
CSE0708,27.3,84.3,13.4,3.5,10.2,4,1,1,84.2,7.02,90.8,66.0
CSE0709,1.0,76.2,9.7,1.9,17.3,4,2,0,50.1,9.43,70.9,42.4
CSE0710,26.9,80.0,8.2,5.2,8.5,3,1,0,46.8,7.09,75.0,40.4
CSE0711,16.5,65.0,2.3,5.3,15.4,0,1,0,53.4,6.71,57.6,40.3
CSE0712,14.3,87.3,2.7,1.8,17.1,4,0,1,58.9,6.49,74.0,62.4
CSE0713,11.2,90.6,9.1,4.5,17.2,3,0,1,34.4,5.3,67.0,60.4
CSE0714,17.8,74.6,0.0,6.2,11.4,6,1,0,43.7,8.1,78.1,60.2
CSE0715,14.7,74.4,12.1,6.1,0.2,1,3,1,42.6,4.62,63.6,56.8
CSE0716,22.7,83.2,7.4,6.5,12.3,3,0,0,71.9,7.19,74.7,67.4
CSE0717,15.8,74.8,21.0,5.9,15.2,3,2,0,37.3,6.97,66.2,57.8
CSE0718,16.1,79.2,17.2,3.5,9.6,3,2,0,19.9,9.66,68.3,34.9
CSE0719,12.5,100.0,7.3,3.5,18.7,3,3,0,15.7,5.19,56.8,46.0
CSE0720,14.6,77.0,7.6,1.4,14.3,2,2,0,25.6,6.21,58.6,35.9
CSE0721,17.2,75.7,12.0,10.4,12.8,3,1,1,82.2,7.05,81.2,67.6
CSE0722,3.0,72.2,14.8,5.0,15.4,3,0,0,55.3,6.98,58.0,43.1
CSE0723,5.6,88.9,1.4,4.3,11.7,3,1,1,65.0,6.6,65.0,59.1
CSE0724,20.2,77.8,0.9,2.2,0.0,2,2,0,65.7,7.11,63.4,51.7
CSE0725,16.2,72.2,5.5,13.8,7.5,2,0,0,56.1,5.81,56.0,45.8
CSE0726,13.7,95.9,10.3,1.8,16.0,2,4,1,53.5,7.59,77.8,63.3
CSE0727,15.1,97.0,10.0,3.7,6.0,5,2,1,75.9,4.65,75.1,68.4
CSE0728,17.4,72.8,12.3,6.2,8.9,2,2,1,57.9,7.17,71.5,63.2
CSE0729,11.2,57.6,3.2,6.8,4.8,6,3,0,83.0,6.54,61.6,52.0
CSE0730,9.6,92.1,0.0,7.9,18.9,4,1,1,67.4,8.32,66.8,54.8
CSE0731,16.4,71.8,11.4,10.4,18.4,3,3,1,42.6,9.13,75.6,75.7
CSE0732,8.2,89.5,4.7,6.5,5.6,3,0,0,45.1,6.84,66.9,34.4
CSE0733,17.9,56.4,0.0,1.8,10.7,0,5,0,40.5,8.73,67.2,47.2
CSE0734,3.1,90.7,8.6,4.2,6.6,5,1,0,79.4,6.85,53.3,49.1
CSE0735,22.2,65.5,11.2,5.9,13.1,2,2,0,46.9,6.14,55.3,51.3
CSE0736,18.3,88.8,7.5,11.2,12.5,3,0,0,39.0,9.12,71.8,51.5
CSE0737,16.8,80.2,6.2,0.8,14.1,3,0,1,61.4,7.77,74.9,43.4
CSE0738,21.9,68.6,7.4,8.6,11.7,4,1,0,53.1,7.2,67.0,56.9
CSE0739,26.7,75.1,6.5,5.5,24.7,2,0,1,60.9,7.96,87.4,70.2
CSE0740,22.1,88.2,2.6,7.5,4.9,5,1,1,92.8,7.5,78.7,76.3
CSE0741,2.1,81.3,5.1,4.7,1.4,1,2,0,73.3,7.12,50.0,43.1
CSE0742,6.0,87.0,10.1,2.5,8.0,4,0,0,55.5,5.74,60.5,44.0
CSE0743,10.6,100.0,9.3,7.3,2.2,0,1,0,26.8,6.9,52.9,19.8
CSE0744,15.2,61.2,8.7,7.0,2.5,6,2,1,45.0,7.89,63.9,45.1
CSE0745,18.6,99.4,4.0,7.9,5.0,2,1,1,69.2,7.06,75.3,79.5
CSE0746,9.9,81.3,7.3,5.0,5.4,2,4,0,31.6,8.19,60.1,38.7
CSE0747,16.3,69.2,0.0,3.2,5.2,1,3,1,97.8,7.62,77.1,66.6
CSE0748,9.7,64.0,8.7,0.3,12.6,4,3,0,55.3,6.23,63.9,59.8
CSE0749,10.7,77.7,13.7,7.5,7.5,1,0,1,56.0,5.75,63.4,58.4
CSE0750,5.2,91.1,2.1,6.3,9.1,4,1,0,41.7,7.03,54.8,34.7
CSE0751,8.5,78.5,5.7,2.1,14.5,3,1,0,64.9,6.62,64.9,40.8
CSE0752,5.5,98.1,9.3,3.4,6.2,2,3,0,31.8,7.57,57.6,23.8
CSE0753,8.2,62.6,13.0,3.6,8.7,3,3,0,98.3,6.41,66.2,80.7
CSE0754,22.4,79.9,6.2,0.6,11.8,3,2,0,81.3,6.52,69.0,54.9
CSE0755,8.4,65.0,5.2,2.5,0.3,3,6,1,74.7,8.36,69.9,64.7
CSE0756,33.4,84.4,0.1,1.6,0.0,1,1,0,27.2,7.36,67.7,26.0
CSE0757,18.5,90.6,8.4,3.8,11.7,2,0,0,59.1,6.43,78.6,33.6
CSE0758,16.3,75.0,16.2,2.8,12.5,4,0,0,79.2,7.22,86.3,54.6
CSE0759,9.0,48.7,9.1,0.1,20.3,2,0,1,66.9,8.72,66.5,45.1
CSE0760,19.9,82.4,7.9,11.1,10.8,5,2,1,35.0,7.52,75.2,53.0
CSE0761,11.0,85.2,9.3,8.8,14.1,4,4,1,42.0,7.85,68.2,81.9
CSE0762,15.9,84.9,8.0,2.7,9.0,4,1,0,46.0,6.37,69.3,49.3
CSE0763,32.9,94.8,4.7,5.8,11.5,3,0,0,42.9,8.33,82.2,60.9
CSE0764,14.3,67.1,11.3,6.3,18.3,1,2,1,85.6,9.75,80.9,78.5
CSE0765,23.0,88.2,8.9,8.6,0.0,0,0,0,16.6,6.33,67.9,23.1
CSE0766,10.1,94.3,8.1,2.5,12.1,2,0,0,68.1,5.9,57.4,41.3
CSE0767,14.8,58.7,4.1,8.3,20.7,1,1,0,29.2,7.39,52.8,47.0
CSE0768,27.4,83.8,13.2,3.4,11.4,1,1,1,35.8,8.16,77.7,50.8
CSE0769,10.6,73.9,10.7,1.0,18.3,4,1,1,14.8,7.1,67.4,36.0
CSE0770,27.7,79.0,5.8,7.2,6.9,1,1,1,44.0,6.04,72.8,52.4
CSE0771,20.0,84.2,12.0,8.9,9.8,3,3,0,85.2,7.08,74.4,64.7
CSE0772,11.1,74.2,6.0,12.8,10.2,5,1,0,60.3,7.86,68.8,54.8
CSE0773,19.4,71.9,4.9,1.4,0.0,4,1,1,31.0,6.75,53.3,35.8
CSE0774,21.8,80.4,5.0,7.1,4.2,5,2,0,75.3,7.87,69.6,51.9
CSE0775,19.4,67.0,0.9,3.8,4.5,4,1,0,79.6,8.48,65.3,35.1
CSE0776,4.0,67.0,9.9,7.4,14.1,4,1,0,57.1,7.46,55.2,40.5
CSE0777,9.9,88.2,0.7,0.6,14.4,2,1,0,95.7,7.17,69.4,76.6
CSE0778,13.3,66.2,3.1,1.2,11.6,0,0,0,71.4,8.11,58.9,40.8
CSE0779,14.5,88.0,0.0,2.7,14.1,2,2,0,68.7,6.26,73.7,63.8
CSE0780,19.3,85.6,7.7,5.2,9.2,5,0,0,38.9,6.15,64.7,24.8
CSE0781,16.2,59.3,7.4,3.1,16.0,6,2,0,67.5,6.91,68.6,56.8
CSE0782,5.7,71.9,6.7,7.0,10.0,1,1,1,59.3,6.66,61.9,34.1
CSE0783,17.7,94.3,3.8,8.1,10.3,0,2,0,65.4,6.32,66.2,51.6
CSE0784,19.3,68.2,3.3,6.8,8.7,4,0,0,41.3,9.21,72.6,66.9
CSE0785,18.9,74.4,9.9,9.9,13.4,4,2,1,57.6,9.59,83.0,71.1
CSE0786,22.6,85.5,5.8,6.2,7.9,5,3,1,38.7,6.81,62.4,76.7
CSE0787,20.8,89.4,9.3,1.3,14.9,3,2,0,12.1,7.3,76.5,38.2
CSE0788,18.2,77.0,4.5,9.1,4.3,1,0,1,75.0,6.99,69.5,66.1
CSE0789,14.5,72.8,8.7,3.2,4.5,5,1,0,25.0,8.42,66.2,54.9
CSE0790,3.4,97.1,13.2,7.7,13.4,2,0,0,57.1,8.64,54.3,40.5
CSE0791,18.0,100.0,10.3,9.7,9.6,4,2,0,61.7,5.25,70.0,55.1
CSE0792,16.5,91.7,6.4,6.4,7.7,1,3,0,61.5,7.72,66.3,41.4
CSE0793,16.9,81.0,9.0,0.5,14.5,4,1,1,49.3,5.76,64.7,51.8
CSE0794,6.1,70.3,7.0,2.2,7.0,6,1,0,60.4,9.13,70.3,48.0
CSE0795,7.4,70.0,8.0,9.0,9.0,1,1,0,64.4,7.68,56.6,64.4
CSE0796,22.4,86.3,6.7,4.5,17.0,3,4,1,69.7,6.29,81.8,65.7
CSE0797,14.7,85.0,7.3,5.2,17.7,2,1,0,89.7,6.93,75.3,65.8
CSE0798,19.8,96.8,8.8,7.3,17.9,2,1,1,59.7,6.88,81.9,45.8
CSE0799,15.2,87.8,4.0,7.1,8.6,4,0,1,56.3,7.78,50.0,48.3
CSE0800,15.2,62.0,3.9,5.8,16.2,5,1,0,36.9,8.35,60.1,53.5
CSE0801,21.6,92.6,2.4,4.4,5.3,1,1,1,63.7,5.94,59.8,57.2
CSE0802,11.4,68.0,1.6,4.1,5.5,2,2,0,68.3,9.22,61.7,54.5
CSE0803,15.7,75.4,3.1,7.6,0.0,4,0,0,51.2,8.97,58.6,43.5
CSE0804,11.8,83.0,8.6,6.7,18.4,4,1,0,65.9,6.24,68.4,65.2
CSE0805,12.0,100.0,4.4,4.2,5.7,4,1,0,49.1,7.28,52.2,43.1
CSE0806,12.8,100.0,10.1,8.2,9.4,6,0,0,68.4,9.08,74.5,46.0
CSE0807,16.6,87.3,8.1,4.6,5.4,3,1,0,73.3,8.56,76.9,35.1
CSE0808,11.6,77.8,0.1,2.4,13.5,4,2,0,73.0,6.83,70.6,54.5
CSE0809,23.8,86.4,10.6,2.7,8.1,4,2,0,57.4,8.1,82.2,55.5
CSE0810,8.7,90.7,11.2,2.1,3.5,1,2,1,34.2,10.0,57.7,46.6
CSE0811,13.7,76.2,4.0,4.2,12.2,2,1,1,42.8,7.32,68.9,46.1
CSE0812,11.9,100.0,9.7,8.7,2.8,1,3,1,66.9,6.5,72.8,53.7
CSE0813,25.1,82.8,4.6,2.6,5.8,2,3,1,100.0,7.39,80.0,79.7
CSE0814,16.4,86.0,8.4,5.6,0.0,1,1,0,48.2,7.47,49.7,33.1
CSE0815,22.2,88.0,2.9,3.0,2.9,8,0,0,64.1,6.62,76.0,63.0
CSE0816,4.6,85.1,0.8,4.2,10.9,2,1,0,43.9,7.69,49.2,55.3
CSE0817,16.9,90.1,6.5,0.5,0.2,2,0,1,35.5,5.82,60.0,52.2
CSE0818,21.2,72.6,7.5,4.3,2.6,6,1,0,41.5,6.47,65.2,47.4
CSE0819,15.6,73.3,6.4,4.4,10.0,2,0,0,13.4,8.03,64.8,30.7
CSE0820,22.5,66.8,3.3,6.6,7.3,2,2,1,82.1,5.27,67.0,82.6
CSE0821,11.4,85.3,6.4,5.7,20.0,0,1,1,10.4,8.19,62.1,35.1
CSE0822,24.9,89.3,9.1,1.4,19.2,1,2,0,49.7,4.99,82.5,62.8
CSE0823,31.1,85.5,7.8,8.3,5.7,1,2,0,31.4,5.3,66.8,36.2
CSE0824,12.5,100.0,8.7,5.6,12.8,4,0,1,37.3,6.65,72.7,43.0
CSE0825,11.9,79.9,5.3,5.6,13.7,2,1,0,82.5,7.52,65.0,69.1
CSE0826,25.2,88.0,12.7,5.0,7.0,5,2,0,59.0,8.66,77.6,53.8
CSE0827,26.1,66.9,3.3,3.4,2.5,3,0,0,35.7,7.26,61.1,36.3
CSE0828,11.3,75.4,10.0,5.7,9.9,3,1,0,43.2,6.93,63.8,27.5
CSE0829,12.1,88.3,12.7,6.4,9.1,5,2,1,39.7,7.84,79.6,71.8
CSE0830,13.0,90.2,9.9,0.0,7.8,3,1,0,54.1,6.24,71.3,54.4
CSE0831,5.6,76.5,7.2,3.4,12.2,3,1,0,58.5,7.35,56.1,46.9
CSE0832,8.6,79.1,5.9,4.2,6.2,5,0,0,92.9,5.88,54.9,60.9
CSE0833,8.0,61.8,12.1,5.8,4.2,4,0,0,16.7,7.29,47.9,28.4
CSE0834,9.6,75.7,2.3,8.6,10.5,1,0,0,54.3,7.06,47.0,53.4
CSE0835,14.8,90.7,4.1,2.7,11.9,4,3,1,48.7,6.32,68.6,54.5
CSE0836,16.6,86.9,6.4,3.5,4.1,3,1,0,73.9,7.38,65.3,58.0
CSE0837,25.9,86.0,13.0,3.5,14.6,1,2,0,62.1,7.37,84.3,69.5
CSE0838,8.0,80.6,9.5,2.6,1.1,3,0,1,66.8,8.49,49.3,53.6
CSE0839,21.9,80.1,4.1,4.0,7.1,2,3,0,61.9,5.43,62.5,35.8
CSE0840,13.5,72.1,6.8,7.3,8.7,3,0,0,36.4,7.12,53.1,31.9
CSE0841,14.7,88.4,5.5,1.8,6.8,1,1,1,79.2,6.36,72.2,44.5
CSE0842,19.7,85.1,5.2,6.3,7.2,1,0,0,71.0,8.16,61.7,49.9
CSE0843,7.1,85.9,11.9,0.0,19.4,2,2,0,73.3,8.03,71.2,37.6
CSE0844,17.7,73.7,2.5,3.3,5.7,4,0,0,80.3,7.76,64.1,34.6
CSE0845,16.2,54.2,14.4,4.0,22.2,2,1,1,63.4,6.43,76.1,84.0
CSE0846,18.4,93.2,11.3,10.0,12.2,2,5,0,84.6,8.17,87.7,83.3
CSE0847,17.0,74.3,12.4,4.2,10.5,4,0,0,62.6,5.52,66.2,51.9
CSE0848,32.2,69.6,6.1,0.0,12.4,2,1,0,50.6,5.29,68.0,56.9
CSE0849,10.5,88.3,7.4,0.0,22.6,3,1,0,54.9,5.8,55.4,53.9
CSE0850,11.3,75.3,2.3,5.1,5.0,4,1,0,54.5,7.16,57.9,53.7
CSE0851,10.6,92.7,5.9,6.8,4.4,5,2,0,44.6,7.94,67.3,40.1
CSE0852,11.1,87.4,10.0,6.1,6.2,3,2,0,87.6,4.0,54.5,61.4
CSE0853,10.5,88.2,13.2,5.5,10.2,2,1,0,60.9,8.66,61.9,48.8
CSE0854,23.3,63.6,3.6,8.5,1.4,5,2,0,56.9,7.34,67.7,46.6
CSE0855,24.9,94.5,6.5,3.4,10.1,4,1,0,62.8,5.48,76.4,69.9
CSE0856,11.0,83.1,7.4,7.7,18.5,1,4,0,100.0,7.31,69.2,73.1
CSE0857,9.2,75.6,2.4,0.1,10.8,5,2,0,32.4,8.4,55.5,51.1
CSE0858,18.3,81.7,10.4,2.3,8.5,2,0,1,38.1,7.86,57.6,41.8
CSE0859,11.1,58.7,5.1,0.0,6.9,3,3,1,27.4,8.41,64.8,57.5
CSE0860,19.4,84.9,7.2,4.2,14.5,2,3,0,50.3,5.7,62.5,47.2
CSE0861,16.4,67.6,6.2,4.9,5.9,10,1,0,59.9,6.74,70.9,50.8
CSE0862,4.4,63.8,4.8,5.3,19.2,4,1,0,45.7,6.18,53.0,39.4
CSE0863,25.8,61.7,8.0,5.2,19.7,3,1,0,44.2,9.09,83.1,59.0
CSE0864,27.6,93.4,7.1,2.2,11.3,4,0,0,57.8,7.9,75.1,68.9
CSE0865,10.7,72.4,6.5,4.4,9.9,5,0,0,45.0,10.0,63.8,57.2
CSE0866,12.3,98.4,5.1,0.5,15.2,3,2,1,61.2,6.69,61.9,36.9
CSE0867,17.0,73.6,9.3,9.1,15.5,1,3,0,77.3,6.4,60.5,69.6
CSE0868,17.3,59.5,14.6,4.1,6.0,2,0,0,68.5,7.04,66.3,15.9
CSE0869,19.6,66.6,8.6,3.5,7.4,3,2,1,72.6,8.72,64.2,70.3
CSE0870,29.1,94.8,12.0,9.8,3.4,2,0,1,76.7,6.8,81.0,72.1
CSE0871,13.8,78.1,2.4,1.3,12.0,4,0,0,60.7,7.34,67.3,47.4
CSE0872,9.4,73.4,8.6,1.6,13.3,5,1,0,51.8,7.31,66.4,49.2
CSE0873,5.3,81.9,3.6,1.7,3.3,0,3,0,39.6,7.24,45.5,32.1
CSE0874,9.9,86.0,2.1,4.8,7.7,2,0,0,47.2,6.48,44.5,28.1
CSE0875,14.8,93.4,5.0,6.3,3.3,3,1,0,44.5,7.05,64.5,44.1
CSE0876,27.6,97.4,12.8,7.2,5.5,4,1,0,69.6,7.0,90.1,58.5
CSE0877,11.4,75.7,11.8,12.7,12.8,2,4,0,61.9,7.19,65.8,72.3
CSE0878,16.6,64.1,9.0,0.0,6.3,0,0,1,68.9,8.24,58.4,43.6
CSE0879,14.9,75.0,1.9,6.8,8.5,2,0,1,31.8,9.14,57.8,30.9
CSE0880,23.3,83.1,7.2,3.3,1.9,1,0,0,83.6,6.28,70.0,35.2
CSE0881,32.7,68.4,9.2,3.2,10.9,4,1,0,46.5,6.77,83.5,39.2
CSE0882,11.3,68.5,8.7,3.1,9.8,1,2,0,33.0,6.29,47.3,48.8
CSE0883,11.6,84.1,0.6,2.3,6.4,2,1,0,46.2,7.41,47.1,32.7
CSE0884,22.3,79.4,4.4,10.1,9.1,1,1,0,100.0,6.61,84.8,70.9
CSE0885,19.8,80.4,7.7,7.5,10.9,4,2,1,47.2,7.46,73.3,76.9
CSE0886,27.9,70.9,10.1,5.1,5.9,1,1,1,48.5,8.41,76.1,45.9
CSE0887,19.1,77.2,0.0,9.1,2.6,2,0,1,51.2,4.42,51.6,39.5
CSE0888,12.5,68.9,7.4,0.5,19.0,4,1,1,52.0,7.74,70.7,55.4
CSE0889,19.1,90.7,8.6,1.0,6.8,3,1,1,39.4,6.69,74.1,45.2
CSE0890,22.8,92.4,11.4,0.0,9.5,9,1,0,57.9,7.71,84.6,79.6
CSE0891,20.7,57.8,10.8,2.9,15.1,1,2,1,76.5,6.21,80.7,81.3
CSE0892,18.6,68.8,10.3,5.5,27.6,0,1,0,61.3,8.52,72.9,66.5
CSE0893,22.5,62.0,4.8,5.3,3.8,1,1,0,32.8,8.2,57.8,49.6
CSE0894,23.2,72.2,0.4,5.4,12.2,2,0,0,48.1,7.83,65.9,45.4
CSE0895,24.7,79.0,6.4,0.8,6.5,1,2,1,44.0,8.07,74.2,51.8
CSE0896,19.5,62.6,12.0,7.4,7.3,0,0,0,56.1,6.38,61.4,38.9
CSE0897,13.8,68.9,13.6,5.7,6.4,5,3,0,81.6,6.52,63.4,53.8
CSE0898,16.0,68.0,10.8,7.2,4.4,5,1,0,52.0,8.03,67.4,59.9
CSE0899,23.4,82.5,9.7,0.0,9.8,7,1,0,53.2,6.36,73.2,62.0
CSE0900,9.3,80.8,9.5,5.9,2.6,2,3,0,90.6,8.79,64.4,58.6
CSE0901,17.6,71.3,5.8,1.4,14.7,4,1,1,72.5,6.84,71.4,64.5
CSE0902,12.2,82.1,7.5,3.8,10.3,6,0,1,66.5,7.75,64.9,43.5
CSE0903,15.2,73.4,14.7,6.6,12.1,3,1,1,94.2,9.51,74.6,61.2
CSE0904,23.9,76.7,4.2,5.3,7.7,7,1,0,64.8,6.42,58.6,66.2
CSE0905,16.3,100.0,14.5,2.4,8.2,3,1,0,15.3,7.28,77.2,26.5
CSE0906,15.3,96.1,6.7,5.0,11.4,4,0,0,71.7,8.36,76.0,52.4
CSE0907,5.5,64.4,13.3,0.4,4.2,2,1,0,23.2,8.25,49.2,21.3
CSE0908,20.2,90.0,2.4,8.5,8.2,3,2,0,64.0,6.84,66.5,52.3
CSE0909,19.5,89.7,10.3,4.4,5.7,2,1,1,20.7,6.63,50.5,28.2
CSE0910,30.1,66.2,5.1,8.4,5.5,2,1,0,45.7,6.94,64.3,35.0
CSE0911,12.8,89.8,2.3,3.4,0.0,5,1,1,47.7,8.79,68.4,43.1
CSE0912,16.5,98.5,8.9,3.4,16.7,2,3,1,39.6,6.89,80.6,63.0
CSE0913,16.7,66.5,12.0,2.7,6.6,3,2,0,48.0,7.29,67.8,30.9
CSE0914,26.0,69.0,4.6,7.6,15.8,4,2,1,75.7,6.73,80.7,77.9
CSE0915,14.3,92.2,2.0,2.9,15.3,1,1,1,40.7,7.98,73.2,49.0
CSE0916,17.0,83.3,7.6,6.9,3.6,1,4,0,65.9,7.37,66.4,46.9
CSE0917,19.3,86.6,7.7,3.9,4.6,3,1,0,35.7,6.1,68.5,52.2
CSE0918,16.3,84.1,10.2,0.0,22.8,3,4,0,51.2,6.13,72.9,61.0
CSE0919,11.9,84.7,11.8,3.3,18.8,3,2,0,61.5,5.0,62.8,57.1
CSE0920,16.4,64.1,7.8,1.5,9.8,3,2,0,35.1,6.29,53.4,41.4
CSE0921,22.5,92.6,15.4,5.1,11.3,1,3,0,28.8,8.07,71.4,30.2
CSE0922,7.8,94.0,8.9,1.4,6.8,3,2,0,64.8,8.66,69.9,56.5
CSE0923,15.9,77.2,6.6,7.8,12.2,3,1,0,77.5,7.95,66.2,51.6
CSE0924,10.1,79.5,1.6,4.7,6.4,0,1,0,53.4,7.81,47.8,34.4
CSE0925,23.4,61.6,6.9,4.5,0.0,2,1,0,45.9,7.06,63.8,45.6
CSE0926,4.3,86.2,6.7,7.0,3.4,1,1,0,58.1,8.05,55.9,49.7
CSE0927,11.1,86.9,11.8,7.9,10.1,3,3,0,56.1,7.51,74.6,44.9
CSE0928,17.6,79.3,9.8,4.9,4.3,2,1,0,59.9,9.18,71.4,41.4
CSE0929,26.0,93.5,3.3,2.7,9.7,1,2,1,4.4,7.09,64.8,51.3
CSE0930,14.5,76.0,8.7,0.0,4.6,3,5,0,33.6,8.68,66.7,51.1
CSE0931,11.1,86.8,10.7,2.9,6.1,3,0,0,38.1,8.16,61.6,38.7
CSE0932,28.2,67.8,14.1,3.1,14.3,4,2,0,58.0,8.01,77.3,54.5
CSE0933,4.9,79.7,11.6,5.3,11.2,1,0,0,58.7,4.99,46.2,34.5
CSE0934,1.0,77.9,11.0,4.0,10.0,1,0,0,67.7,8.22,51.0,36.0
CSE0935,18.1,82.7,8.2,7.1,14.4,7,2,0,60.2,7.06,87.8,59.4
CSE0936,11.5,75.6,9.6,3.2,12.4,1,0,1,29.0,6.71,55.4,19.3
CSE0937,7.9,78.4,13.0,4.8,17.2,5,1,1,83.9,5.57,77.4,64.2
CSE0938,20.0,89.9,2.7,8.6,7.7,0,0,0,80.4,7.19,64.2,64.7
CSE0939,16.7,74.8,6.6,6.0,7.9,7,2,1,29.8,7.24,73.6,55.0
CSE0940,11.1,60.7,4.9,4.8,3.5,3,1,0,61.7,5.77,56.0,56.6
CSE0941,6.0,100.0,9.5,3.2,7.9,1,1,1,43.1,5.58,63.0,38.9
CSE0942,21.1,96.6,12.9,3.1,14.8,4,0,0,57.8,7.74,81.6,46.8
CSE0943,19.6,64.5,5.6,2.4,16.5,5,2,0,76.1,8.16,82.2,81.4
CSE0944,14.3,88.3,0.0,3.4,14.8,2,0,0,97.6,7.41,69.7,63.4
CSE0945,27.9,74.0,6.4,7.3,1.0,1,2,0,70.0,8.47,82.4,64.5
CSE0946,7.5,83.2,11.7,4.3,15.4,2,1,1,60.9,7.1,57.5,42.9
CSE0947,4.3,83.5,10.2,1.0,0.8,6,1,0,48.2,7.14,57.7,46.0
CSE0948,10.2,77.2,9.7,10.3,14.5,1,1,0,58.6,6.19,62.2,59.7
CSE0949,14.7,70.6,6.9,6.0,8.2,4,1,0,82.2,5.48,57.9,62.2
CSE0950,16.7,71.7,2.9,0.8,13.5,4,1,0,54.1,9.24,70.6,43.6
CSE0951,13.3,69.0,10.1,3.7,3.3,2,1,0,37.3,8.44,49.8,32.7
CSE0952,17.5,70.0,4.7,5.3,15.9,1,1,1,22.6,5.67,55.5,48.9
CSE0953,6.2,79.2,16.7,10.1,2.7,0,1,1,65.3,7.37,50.1,46.0
CSE0954,25.1,71.4,10.3,1.7,6.7,2,2,0,59.9,7.09,79.8,58.7
CSE0955,14.4,88.2,5.7,7.9,5.0,4,0,0,42.1,6.9,59.5,49.1
CSE0956,22.8,97.8,5.6,9.2,1.2,4,3,0,75.5,6.75,88.3,58.8
CSE0957,17.4,73.0,7.6,3.1,10.5,3,2,1,46.6,7.62,73.2,43.1
CSE0958,18.2,82.9,7.0,4.2,19.0,5,3,1,52.3,8.1,83.1,70.3
CSE0959,19.0,86.0,12.5,1.9,23.3,5,1,0,54.7,7.64,77.5,59.4
CSE0960,18.1,85.7,8.7,4.4,10.5,2,1,1,48.0,7.07,64.2,57.7
CSE0961,19.5,80.9,5.1,4.9,15.6,2,0,0,59.7,7.03,70.6,41.5
CSE0962,24.3,88.9,15.6,7.0,11.2,4,0,0,78.0,8.23,83.9,72.3
CSE0963,16.4,85.8,8.2,8.3,12.5,1,2,1,32.2,7.71,61.6,61.3
CSE0964,20.0,65.1,11.1,2.8,8.3,4,1,0,64.8,7.28,60.6,54.2
CSE0965,14.4,90.4,5.6,0.0,11.0,5,0,0,58.4,7.16,61.3,48.2
CSE0966,25.1,90.6,9.5,4.9,12.7,3,2,1,58.1,7.58,92.8,58.1
CSE0967,10.3,70.8,9.2,5.9,7.1,3,1,0,72.4,6.68,72.1,45.5
CSE0968,27.6,80.5,0.4,5.7,9.6,4,1,0,56.0,8.1,75.2,54.0
CSE0969,14.7,88.2,16.1,4.0,9.7,1,0,1,64.6,6.02,70.0,62.2
CSE0970,5.0,77.5,13.2,5.4,14.1,3,2,1,69.3,6.75,64.4,58.8
CSE0971,15.9,92.9,6.4,9.5,4.7,4,1,1,44.9,7.87,64.6,37.8
CSE0972,10.2,100.0,3.6,6.1,9.7,3,1,0,61.0,5.95,69.4,50.8
CSE0973,20.9,70.6,9.4,3.9,19.6,1,2,0,50.0,5.47,78.2,63.7
CSE0974,10.4,63.4,8.3,3.5,15.8,4,3,1,52.3,7.27,61.6,61.4
CSE0975,11.9,83.6,9.4,4.5,16.7,2,1,0,48.6,5.33,61.3,60.9
CSE0976,1.8,88.7,8.8,9.9,10.1,4,1,0,64.4,5.77,54.7,56.5
CSE0977,11.8,77.2,10.0,4.5,11.6,1,0,0,56.6,8.03,59.5,31.2
CSE0978,1.0,97.4,13.8,4.9,15.0,4,2,0,62.9,6.97,72.6,47.3
CSE0979,3.9,63.9,10.3,3.6,17.8,2,2,0,54.6,8.61,52.6,50.7
CSE0980,20.3,88.3,3.8,8.3,0.2,4,0,1,22.9,5.87,63.2,21.5
CSE0981,20.5,72.7,13.5,10.9,3.4,2,1,1,55.6,7.1,74.2,56.1
CSE0982,18.0,100.0,14.6,6.4,16.5,7,2,0,56.3,7.64,84.6,50.6
CSE0983,8.2,100.0,20.6,5.2,8.6,3,0,1,59.9,5.91,74.9,56.4
CSE0984,14.7,70.8,3.5,5.1,6.6,2,2,1,43.1,8.33,63.0,56.0
CSE0985,15.0,73.4,9.0,0.0,3.7,2,3,1,31.1,7.76,69.3,46.2
CSE0986,6.9,90.3,0.0,7.2,7.2,3,0,0,67.5,5.43,44.3,38.0
CSE0987,25.5,75.4,10.2,5.4,3.0,2,2,0,49.5,7.16,68.2,50.3
CSE0988,21.1,79.5,5.8,6.3,20.5,0,1,0,58.4,7.62,71.2,51.3
CSE0989,13.5,80.3,15.7,2.9,9.9,0,4,0,49.4,6.55,52.0,39.0
CSE0990,15.2,57.0,4.9,3.8,9.7,4,1,0,54.9,5.57,50.2,46.3
CSE0991,16.5,79.8,1.2,3.8,12.9,3,2,0,46.0,7.51,60.0,57.3
CSE0992,1.0,71.7,6.1,8.1,14.8,2,0,0,35.6,9.63,57.8,33.7
CSE0993,13.3,74.1,0.1,3.9,14.7,0,1,0,64.5,6.77,53.4,61.9
CSE0994,10.2,97.3,11.0,11.2,15.4,3,0,0,42.9,8.93,65.7,52.5
CSE0995,8.0,64.9,0.0,6.3,6.8,9,3,0,58.3,6.37,62.9,68.2
CSE0996,13.0,89.8,8.1,1.2,8.5,3,1,1,63.2,7.44,60.0,36.7
CSE0997,27.6,76.7,0.0,4.6,13.8,5,1,0,43.3,8.05,62.8,54.8
CSE0998,19.5,76.6,6.7,3.0,7.4,7,2,1,30.9,7.19,69.0,44.4
CSE0999,11.0,89.5,14.6,0.0,10.0,4,0,1,100.0,6.87,66.9,61.7
CSE1000,19.0,84.1,9.4,9.8,12.0,4,3,1,44.4,8.0,70.5,57.7
CSE1001,24.8,86.8,4.5,7.1,13.9,1,0,1,67.5,9.28,82.5,56.7
CSE1002,21.5,91.6,7.9,6.6,1.1,2,2,1,93.8,7.53,82.7,77.0
CSE1003,15.4,76.0,8.1,5.5,13.6,3,1,0,70.8,6.63,71.6,62.0
CSE1004,10.5,72.7,9.9,0.9,8.8,4,2,1,49.0,6.99,69.6,59.8
CSE1005,19.9,67.0,2.5,3.5,13.5,2,2,1,53.7,9.97,79.1,43.7
CSE1006,17.8,70.1,10.4,7.5,13.9,2,1,1,38.3,7.35,56.5,51.4
CSE1007,21.3,100.0,0.0,1.8,18.0,0,0,0,72.6,6.55,72.6,62.9
CSE1008,19.4,94.9,5.5,0.0,16.8,2,2,0,66.3,5.94,69.7,73.0
CSE1009,22.3,63.8,6.0,4.3,16.7,2,0,1,44.7,5.19,60.4,38.3
CSE1010,11.3,64.1,10.5,4.6,17.2,2,1,0,34.2,7.6,62.8,38.5
CSE1011,24.2,85.8,8.1,5.4,11.5,4,0,1,28.6,7.92,65.4,57.9
CSE1012,16.4,86.6,2.4,7.2,10.2,2,1,0,74.7,6.76,56.3,54.2
CSE1013,29.5,86.6,4.1,6.9,14.4,4,0,0,57.4,7.18,82.0,51.8
CSE1014,10.2,76.9,8.8,5.8,13.7,3,1,0,59.3,5.91,63.5,35.9
CSE1015,27.2,78.5,7.7,8.6,8.5,1,0,0,38.5,7.35,69.5,33.9
CSE1016,16.4,83.9,5.7,0.4,12.0,3,1,0,25.7,7.73,58.3,21.3
CSE1017,10.4,81.0,6.1,6.5,9.8,6,1,0,74.3,6.61,69.5,59.9
CSE1018,11.6,53.4,10.8,6.9,5.7,4,0,0,55.8,9.06,63.0,51.6
CSE1019,12.8,77.2,5.9,1.3,16.5,2,2,0,73.1,6.28,65.4,46.4
CSE1020,18.0,69.8,7.6,0.5,10.3,6,1,0,47.3,7.51,60.9,52.9
CSE1021,18.7,82.1,16.7,2.8,20.2,3,1,1,50.3,8.13,79.0,67.7
CSE1022,11.0,100.0,2.3,3.0,1.9,2,2,1,69.3,7.11,68.6,50.4
CSE1023,14.8,84.4,0.6,7.3,7.2,5,2,1,69.6,6.99,76.0,49.7
CSE1024,30.0,76.2,11.1,3.2,10.2,4,0,0,71.0,5.63,75.2,64.0
CSE1025,27.1,91.1,5.3,2.4,15.7,2,3,0,49.1,8.69,80.3,60.2
CSE1026,18.1,85.8,6.7,3.2,12.0,4,1,0,67.3,7.01,70.4,55.6
CSE1027,15.3,85.0,4.9,8.4,11.6,2,0,1,77.2,7.79,71.7,54.2
CSE1028,15.8,87.3,7.0,5.0,4.4,1,1,1,52.9,7.94,62.7,45.6
CSE1029,19.3,100.0,14.4,4.5,4.2,3,0,0,44.7,6.51,54.1,43.7
CSE1030,7.8,66.4,11.2,4.7,11.6,2,0,1,81.9,6.98,68.6,77.3
CSE1031,13.2,85.7,11.4,8.9,3.2,3,0,0,41.9,8.67,73.5,37.2
CSE1032,3.3,68.9,2.3,2.8,7.3,5,0,0,67.6,5.97,45.4,57.8
CSE1033,17.8,86.7,3.4,8.9,12.5,3,1,1,53.8,9.54,69.0,61.7
CSE1034,19.5,69.0,0.0,5.6,5.1,2,0,0,18.2,6.38,50.1,27.6
CSE1035,11.6,75.0,4.8,4.5,18.0,0,2,0,77.6,5.9,60.8,59.9
CSE1036,26.0,76.5,11.8,12.5,16.1,2,2,1,0.0,7.35,80.3,37.5
CSE1037,6.4,91.7,10.1,1.8,2.1,2,1,0,15.3,9.63,56.1,22.0
CSE1038,4.7,91.0,7.1,3.9,5.3,5,1,0,65.5,5.1,51.9,27.6
CSE1039,16.6,65.1,7.9,1.3,0.0,1,2,1,65.5,7.04,53.8,39.9
CSE1040,22.3,80.7,5.2,7.9,6.1,1,0,0,42.2,7.72,68.7,40.3
CSE1041,26.8,71.5,8.8,10.1,13.8,2,2,0,58.0,7.24,79.6,74.6
CSE1042,11.8,64.9,11.1,10.0,7.9,2,1,0,4.4,7.62,59.0,40.4
CSE1043,22.6,77.4,1.5,8.7,12.3,3,0,0,69.1,6.41,62.5,56.1
CSE1044,14.7,76.3,9.2,4.4,2.4,1,1,0,60.0,6.54,68.4,41.8
CSE1045,13.8,100.0,11.7,3.9,14.0,2,0,0,54.1,7.04,59.9,53.7
CSE1046,21.2,85.2,6.3,0.0,7.2,1,0,0,55.4,5.96,66.6,27.5
CSE1047,19.6,63.5,10.8,11.1,10.1,0,1,0,64.9,7.15,55.0,56.3
CSE1048,4.0,73.2,19.3,6.4,9.5,4,1,1,54.4,6.77,59.3,41.2
CSE1049,25.3,92.3,7.6,3.5,3.6,2,1,1,17.5,6.68,77.0,35.8
CSE1050,24.7,100.0,9.6,9.0,4.2,3,1,1,98.9,7.55,90.1,68.6
CSE1051,10.6,61.0,5.0,2.1,14.8,4,1,0,79.0,5.2,55.1,62.9
CSE1052,17.8,57.4,8.7,6.2,12.0,4,0,0,29.3,6.95,56.6,46.2
CSE1053,18.5,100.0,9.8,4.5,15.3,6,1,1,48.1,9.75,85.9,70.1
CSE1054,16.8,84.7,8.8,6.9,11.6,3,0,0,50.3,6.01,67.6,49.8
CSE1055,11.1,69.6,3.9,4.8,10.7,4,1,0,76.6,8.61,71.0,58.2
CSE1056,10.3,86.4,8.8,0.6,1.4,1,0,1,11.8,7.26,49.6,35.6
CSE1057,14.8,48.4,13.8,5.2,8.6,4,0,0,45.0,6.54,48.7,27.9
CSE1058,23.2,80.0,9.8,8.1,9.9,5,0,0,19.8,5.75,67.3,57.8
CSE1059,18.8,83.9,11.8,4.9,19.8,0,1,1,49.3,7.35,72.0,52.0
CSE1060,12.4,91.1,7.1,7.3,13.4,1,0,1,45.5,8.8,60.5,50.2
CSE1061,20.4,67.8,11.0,1.9,17.7,5,0,0,56.6,6.77,73.3,53.4
CSE1062,1.0,81.0,9.1,4.9,13.0,5,2,0,42.9,7.11,56.4,38.7
CSE1063,23.0,68.9,4.2,3.1,6.4,5,1,0,40.0,8.31,69.0,51.9
CSE1064,2.8,83.1,9.3,7.2,10.6,3,3,1,67.4,7.57,60.0,69.1
CSE1065,12.5,69.3,4.0,5.1,11.2,3,1,0,64.1,5.47,59.7,55.8
CSE1066,7.2,75.1,5.5,7.1,5.3,5,1,0,66.0,7.31,51.0,44.4
CSE1067,5.9,68.1,8.8,8.3,8.1,4,3,1,51.5,8.86,59.5,89.6
CSE1068,23.1,87.8,9.2,7.1,9.0,2,0,0,43.6,7.16,68.5,55.1
CSE1069,11.7,90.3,3.2,5.8,18.0,1,3,1,52.6,4.18,72.8,68.6
CSE1070,17.4,77.2,12.2,2.0,0.0,3,2,1,65.0,7.63,74.2,49.1
CSE1071,14.7,80.5,10.3,5.0,16.0,3,0,0,11.5,6.98,67.0,27.2
CSE1072,18.3,62.6,5.2,3.4,5.3,5,0,1,62.9,5.19,68.6,51.3
CSE1073,15.5,76.4,1.8,4.0,3.1,5,1,0,61.2,5.35,77.3,59.2
CSE1074,6.0,79.4,7.4,3.9,15.9,4,0,1,56.2,8.27,64.6,41.5
CSE1075,22.0,100.0,6.2,2.1,13.7,2,0,1,52.0,6.39,81.7,41.7
CSE1076,11.5,66.7,8.5,0.0,16.3,1,1,0,3.7,6.2,56.2,30.4
CSE1077,4.1,97.6,6.5,3.0,14.0,4,0,1,46.2,7.16,67.5,47.0
CSE1078,12.0,92.0,0.0,5.6,20.3,2,2,1,90.8,6.49,81.9,67.2
CSE1079,25.5,83.4,6.4,1.0,12.8,2,2,0,55.3,7.31,72.5,45.5
CSE1080,21.0,100.0,6.8,5.0,9.2,3,0,0,48.9,6.98,68.1,59.0
CSE1081,12.6,84.5,10.5,10.7,11.7,1,1,0,55.3,5.88,64.2,51.2
CSE1082,12.6,84.7,5.2,8.1,16.2,3,0,0,62.1,6.64,63.4,39.9
CSE1083,12.7,79.4,14.7,9.9,6.1,3,2,1,68.2,7.69,74.1,47.9
CSE1084,29.5,94.7,0.4,6.2,6.7,10,0,1,50.4,7.25,91.7,64.1
CSE1085,17.7,93.2,13.2,8.5,8.5,2,1,0,63.5,7.11,70.1,58.9
CSE1086,18.0,72.5,7.1,2.8,0.0,2,3,0,88.5,9.33,68.9,64.4
CSE1087,22.2,64.2,11.4,3.1,10.7,3,3,0,75.1,8.0,77.1,76.8
CSE1088,16.7,77.6,8.3,0.0,0.6,9,1,0,100.0,8.14,74.2,53.6
CSE1089,13.2,70.4,12.6,8.6,10.3,3,2,0,41.9,7.02,53.3,50.1
CSE1090,13.6,79.2,6.5,9.6,14.3,2,0,0,88.5,7.44,64.9,74.2
CSE1091,14.5,94.8,3.6,3.3,7.6,2,2,0,39.2,6.73,65.3,53.5
CSE1092,14.7,74.5,13.7,4.2,18.4,2,2,1,62.1,8.06,83.7,66.3
CSE1093,20.1,79.5,7.5,2.7,2.7,2,1,0,69.6,7.08,59.6,70.2
CSE1094,15.4,80.7,8.9,6.1,16.0,2,1,0,44.8,7.44,60.5,53.7
CSE1095,20.1,90.2,12.9,8.4,13.4,4,0,0,56.8,7.38,76.7,64.7
CSE1096,14.4,53.0,3.9,0.0,1.4,1,2,1,73.2,7.18,44.7,50.4
CSE1097,15.6,72.7,10.4,6.2,23.6,0,0,1,40.8,10.0,70.3,42.6
CSE1098,1.0,82.5,5.6,4.2,9.7,2,1,1,88.4,6.47,48.1,46.9
CSE1099,21.4,94.4,7.5,5.3,5.6,7,0,0,27.3,6.46,76.6,44.3
CSE1100,17.4,74.1,8.3,6.4,3.0,2,1,0,93.8,7.96,64.2,56.0
CSE1101,22.0,57.5,2.0,4.4,8.9,2,3,0,75.0,6.55,74.0,47.0
CSE1102,1.0,87.4,4.9,4.7,9.4,3,1,0,53.2,6.88,58.5,29.6
CSE1103,29.6,72.4,13.4,4.4,10.5,3,0,1,46.9,6.0,72.9,52.0
CSE1104,14.0,65.7,11.5,7.9,8.5,2,2,1,44.9,7.74,59.4,57.6
CSE1105,22.8,72.5,7.7,6.3,13.2,4,1,0,52.3,7.75,71.8,56.5
CSE1106,7.7,77.8,9.0,5.7,8.1,5,0,0,54.0,6.85,57.8,42.6
CSE1107,19.3,72.7,6.8,1.2,0.3,4,3,1,80.1,7.99,74.6,54.9
CSE1108,7.6,53.5,13.4,3.9,9.3,2,3,0,94.4,5.16,54.6,62.9
CSE1109,10.6,90.8,7.2,7.7,0.0,5,2,0,59.0,6.42,66.1,60.9
CSE1110,28.4,95.3,8.9,5.1,11.8,2,1,1,38.1,7.01,81.2,55.3
CSE1111,13.7,87.8,12.6,7.0,5.1,2,1,0,44.1,5.91,59.5,25.0
CSE1112,16.5,66.3,4.9,10.3,10.8,4,0,1,51.3,5.28,57.2,42.9
CSE1113,21.1,77.6,14.2,8.1,16.6,4,2,0,34.4,6.86,74.3,61.6
CSE1114,18.5,79.9,1.9,5.3,5.3,2,2,1,31.4,7.96,59.2,42.2
CSE1115,16.1,87.2,14.5,3.5,15.3,6,2,1,96.9,8.61,89.2,80.8
CSE1116,17.6,88.0,6.5,0.0,7.8,3,1,1,61.1,6.6,69.4,46.6
CSE1117,31.8,71.2,7.0,4.5,18.8,7,0,0,38.3,8.01,83.8,66.8
CSE1118,14.6,81.0,0.4,4.0,8.2,1,1,0,71.3,7.9,70.8,45.8
CSE1119,16.4,85.5,6.2,6.2,5.8,1,3,0,31.4,8.54,63.8,39.1
CSE1120,22.4,97.5,3.8,4.5,13.4,2,1,0,33.1,6.81,74.9,36.8
CSE1121,22.7,88.5,5.6,4.0,7.8,0,0,1,38.9,5.22,64.4,48.9
CSE1122,23.3,89.5,7.5,0.0,5.8,4,1,0,88.1,7.28,75.5,59.3
CSE1123,19.5,81.0,11.8,2.2,7.6,5,2,1,49.9,6.08,72.4,63.2
CSE1124,7.0,96.9,8.8,6.4,9.8,2,1,0,6.2,6.4,53.4,13.1
CSE1125,26.4,84.9,9.2,10.1,16.7,1,2,0,79.2,6.87,83.3,87.7
CSE1126,7.0,69.7,3.6,4.7,0.3,2,0,1,48.9,6.83,42.9,45.6
CSE1127,17.1,96.8,4.5,6.0,10.1,9,1,0,18.0,7.36,62.7,29.7
CSE1128,9.7,88.4,15.2,7.9,13.1,3,2,1,48.7,7.97,76.5,47.5
CSE1129,14.6,74.7,5.1,2.6,11.0,2,2,0,65.4,6.8,67.8,57.4
CSE1130,17.3,74.2,14.6,6.1,16.5,6,0,1,63.1,7.64,82.9,52.8
CSE1131,17.2,83.6,7.0,2.8,9.6,5,1,0,91.0,7.22,74.6,64.1
CSE1132,18.0,85.6,8.0,7.6,9.1,1,2,1,37.9,8.23,74.3,52.7
CSE1133,26.3,82.4,12.3,5.5,13.0,1,4,0,55.9,6.99,84.1,62.2
CSE1134,18.2,83.7,13.1,5.9,10.5,4,1,0,41.0,7.11,74.9,52.7
CSE1135,13.3,100.0,7.6,2.7,8.0,0,2,1,24.2,6.79,57.9,29.0
CSE1136,21.7,92.9,6.4,7.1,12.6,1,2,1,72.7,7.02,72.1,45.2
CSE1137,23.3,82.3,7.8,11.3,6.7,1,0,0,64.3,6.34,65.7,59.7
CSE1138,6.4,91.3,9.4,2.0,6.9,2,4,0,60.7,6.23,61.5,59.1
CSE1139,19.2,67.6,11.6,4.0,7.4,6,3,0,63.5,8.05,73.6,87.3
CSE1140,19.9,84.8,8.0,5.7,16.8,2,0,0,41.3,6.01,56.6,25.5
CSE1141,12.9,100.0,10.5,7.4,0.0,8,1,1,34.9,6.85,79.2,54.6
CSE1142,24.6,77.4,14.6,3.3,12.0,2,4,0,55.8,8.32,80.2,44.4
CSE1143,13.9,69.8,9.5,0.0,10.2,1,3,0,78.2,6.81,66.1,73.3
CSE1144,15.9,72.2,9.2,9.1,1.6,3,2,1,87.2,8.11,78.3,69.6
CSE1145,13.8,66.9,1.9,7.3,11.5,2,3,0,70.9,6.55,48.7,52.1
CSE1146,15.1,70.6,0.0,0.0,12.4,2,2,1,55.6,6.04,57.2,61.2
CSE1147,7.3,75.6,9.6,3.2,12.9,1,2,1,60.4,5.45,57.1,46.4
CSE1148,4.9,63.1,7.6,9.7,0.0,4,3,0,55.2,8.64,53.5,49.4
CSE1149,26.2,80.2,5.9,9.3,16.8,3,0,1,34.5,5.95,72.1,57.8
CSE1150,9.1,90.8,9.0,7.8,6.3,1,1,0,55.5,8.02,69.2,56.7
CSE1151,8.1,69.1,7.8,4.5,13.4,2,3,0,28.3,6.1,57.9,58.7
CSE1152,1.0,98.2,12.5,5.2,13.7,2,2,0,52.5,8.65,69.7,38.4
CSE1153,10.5,86.1,8.3,4.6,5.6,2,1,0,87.7,9.63,69.0,62.7
CSE1154,5.7,92.4,5.0,8.4,13.3,4,0,0,71.5,5.34,51.6,55.6
CSE1155,26.5,72.1,12.0,2.4,8.1,8,5,0,36.5,6.01,68.5,54.6
CSE1156,22.1,90.3,7.1,2.6,0.0,5,5,1,53.6,8.05,71.2,58.4
CSE1157,10.2,66.9,10.1,8.0,15.8,2,1,1,38.3,7.76,64.7,70.2
CSE1158,30.8,90.7,6.1,4.9,6.1,4,2,1,53.7,8.05,84.2,67.1
CSE1159,21.9,82.1,5.4,9.1,5.7,2,0,0,75.8,6.57,66.4,63.3
CSE1160,12.7,86.6,8.3,3.0,8.0,3,1,0,68.1,9.39,67.4,47.4
CSE1161,1.0,65.9,8.1,4.8,11.4,3,2,0,100.0,7.33,69.7,56.6
CSE1162,31.0,69.3,9.9,2.2,9.7,6,2,0,78.8,5.86,77.2,73.9
CSE1163,5.3,87.2,6.9,5.0,12.7,7,0,0,59.1,6.92,67.5,48.2
CSE1164,3.5,68.6,0.7,0.6,3.3,3,1,1,68.5,5.88,47.6,30.2
CSE1165,22.2,85.6,6.3,3.5,6.3,3,2,0,51.0,8.95,73.0,41.3
CSE1166,32.1,63.6,11.2,0.7,9.4,2,1,0,32.4,6.47,77.1,51.4
CSE1167,24.7,90.2,6.8,7.1,19.5,2,1,0,81.1,7.74,90.6,66.5
CSE1168,18.9,65.2,7.0,7.1,9.4,1,1,0,75.2,6.68,62.7,55.5
CSE1169,19.2,86.6,11.9,0.0,15.4,4,0,0,50.2,6.52,76.1,50.9
CSE1170,21.0,87.5,5.2,9.0,10.2,3,0,0,60.5,5.1,68.3,55.8
CSE1171,20.3,71.6,1.8,12.5,7.6,1,1,1,79.8,7.86,69.2,74.8
CSE1172,17.0,87.0,7.4,5.1,8.8,4,0,0,71.9,8.63,73.1,43.2
CSE1173,15.7,83.1,6.1,3.1,9.2,1,1,1,25.7,6.19,55.7,42.4
CSE1174,14.6,73.5,4.1,13.5,13.0,5,0,0,59.9,5.5,60.4,64.5
CSE1175,9.7,67.9,7.3,1.0,16.9,4,1,0,51.6,8.08,59.3,58.2
CSE1176,13.0,56.4,10.0,5.1,11.8,3,0,1,77.3,5.39,66.0,45.1
CSE1177,3.1,84.2,8.0,5.5,15.9,5,1,0,75.6,8.54,66.0,60.4
CSE1178,14.3,61.2,9.2,9.0,5.2,0,0,0,81.4,6.21,49.4,63.6
CSE1179,8.1,81.1,15.3,6.1,7.9,1,1,1,32.6,5.99,54.2,35.2
CSE1180,7.3,76.8,6.6,3.5,6.4,1,0,0,39.3,7.47,32.9,32.0
CSE1181,16.3,88.1,9.1,2.1,11.6,4,2,0,77.3,6.06,69.6,69.6
CSE1182,24.7,76.4,6.0,4.0,8.2,2,5,1,43.2,6.42,74.4,54.2
CSE1183,21.4,76.0,4.6,2.0,13.6,6,0,1,24.6,7.59,69.3,65.8
CSE1184,4.0,88.8,5.7,5.1,5.3,1,3,0,65.7,4.53,62.6,50.5
CSE1185,8.1,84.0,6.1,3.3,10.2,4,1,0,44.1,9.01,65.1,46.3
CSE1186,21.6,83.8,9.4,0.5,13.4,4,1,1,90.8,7.25,84.7,56.6
CSE1187,8.1,85.6,17.4,8.8,0.0,1,1,0,60.9,5.78,48.9,45.1
CSE1188,13.4,61.6,5.1,3.5,20.6,2,2,0,58.2,6.08,59.3,62.1
CSE1189,18.9,89.1,6.3,1.2,8.6,3,2,0,47.6,8.29,67.9,63.2
CSE1190,8.2,87.3,7.7,4.5,0.0,8,1,1,86.8,7.86,65.9,59.9
CSE1191,15.7,67.8,9.6,5.2,10.8,0,0,0,62.2,8.73,58.9,33.9
CSE1192,5.7,77.1,9.1,0.0,10.2,1,1,1,46.8,6.45,45.0,31.9
CSE1193,10.8,79.5,13.1,6.0,9.6,3,1,0,39.1,7.53,55.8,35.6
CSE1194,17.2,78.4,0.0,1.9,15.0,1,3,0,53.5,7.67,69.9,43.6
CSE1195,3.8,84.0,0.0,10.1,13.7,4,0,1,35.4,7.96,55.3,55.8
CSE1196,18.1,97.2,6.0,6.6,11.5,4,1,1,75.6,8.44,77.4,78.9
CSE1197,14.9,93.0,12.4,3.8,12.3,0,1,0,18.8,6.41,61.5,28.3
CSE1198,18.9,64.3,1.7,2.8,9.5,1,1,0,52.2,7.07,64.3,40.4
CSE1199,16.6,87.5,0.0,4.7,18.9,6,4,1,67.2,6.53,78.2,63.8
CSE1200,24.5,95.9,10.3,6.8,2.6,5,2,1,61.8,7.14,84.6,70.2
CSE1201,15.9,84.6,9.0,4.9,10.7,2,0,0,40.7,7.97,60.0,54.2
CSE1202,12.0,93.1,3.6,4.3,10.3,3,0,0,68.2,5.38,57.0,42.2
CSE1203,15.9,100.0,4.1,5.2,14.1,7,2,1,37.3,8.42,80.2,59.9
CSE1204,18.8,92.3,4.1,3.2,5.8,1,0,1,54.6,5.95,73.8,47.8
CSE1205,15.3,83.0,8.4,4.0,1.3,4,2,1,68.0,6.86,76.3,72.5
CSE1206,15.3,92.5,5.5,0.0,10.8,3,1,0,64.3,8.57,73.3,51.7
CSE1207,10.1,81.7,10.0,7.9,11.4,2,1,0,41.5,7.56,62.1,43.2
CSE1208,10.4,80.3,0.0,5.9,17.4,2,0,0,78.9,7.57,69.6,57.3
CSE1209,5.2,75.8,4.6,2.7,3.6,3,0,0,56.7,5.9,51.9,20.7
CSE1210,27.2,98.8,3.5,10.7,15.8,6,0,0,69.9,6.05,69.6,57.1
CSE1211,6.3,70.2,7.0,5.3,21.8,4,0,0,85.6,8.24,60.6,54.9
CSE1212,10.1,98.4,5.8,1.9,8.1,1,0,0,77.4,6.55,63.0,53.3
CSE1213,10.0,86.0,11.2,7.6,3.5,3,0,0,77.4,6.66,52.5,44.1
CSE1214,21.3,63.2,0.6,6.2,8.0,3,1,1,58.9,8.26,61.8,52.2
CSE1215,12.9,84.4,8.2,6.2,10.1,1,2,1,70.9,6.05,62.8,53.1
CSE1216,23.7,54.8,10.2,3.7,12.8,2,0,0,59.3,7.5,66.1,49.8
CSE1217,10.3,87.5,15.4,6.4,7.0,1,0,0,30.8,7.25,57.5,44.0
CSE1218,17.0,90.6,6.1,4.2,17.8,2,2,0,61.1,7.2,70.9,57.2
CSE1219,9.2,72.9,9.3,6.7,4.4,4,2,1,60.1,6.63,66.4,46.4
CSE1220,30.0,81.5,0.8,0.0,1.3,0,4,0,66.7,6.56,68.9,56.6
CSE1221,6.7,100.0,0.0,3.7,15.5,2,1,1,52.4,6.01,57.8,65.5
CSE1222,17.2,73.9,11.4,10.2,0.0,0,3,0,39.8,7.73,54.5,35.7
CSE1223,19.4,67.3,8.0,2.7,9.0,5,0,0,68.1,6.47,71.8,43.1
CSE1224,17.9,97.8,12.7,3.2,25.6,1,0,1,28.7,8.27,74.7,43.7
CSE1225,13.7,100.0,2.5,3.7,9.9,1,2,0,84.2,6.95,62.1,58.6
CSE1226,14.1,80.0,10.1,1.4,4.4,1,1,0,50.4,6.04,58.7,42.6
CSE1227,15.3,92.1,15.5,0.0,9.7,5,0,0,59.9,6.94,68.1,57.2
CSE1228,14.0,96.1,9.7,4.3,9.7,2,1,0,66.2,6.75,65.3,39.7
CSE1229,21.7,71.1,9.1,5.4,10.8,2,3,0,66.8,8.31,76.2,53.4
CSE1230,30.5,74.2,8.0,4.8,13.3,2,2,0,26.8,6.79,71.8,47.4
CSE1231,11.1,94.8,1.7,4.6,4.8,1,1,1,71.5,6.9,74.2,55.6
CSE1232,5.4,100.0,13.4,5.1,18.4,2,0,1,61.1,8.75,72.1,39.3
CSE1233,14.4,86.8,5.6,8.1,11.2,1,2,1,42.3,7.76,70.3,44.5
CSE1234,33.1,69.4,10.0,4.4,13.6,8,0,0,40.0,9.03,74.8,55.8
CSE1235,9.4,100.0,1.7,3.3,6.9,10,1,0,48.3,8.58,64.5,61.4
CSE1236,26.5,73.6,3.3,4.2,16.4,3,0,0,29.0,6.22,60.6,51.0
CSE1237,26.7,76.0,13.7,6.7,8.7,3,0,0,89.4,8.29,76.6,73.0
CSE1238,11.1,84.1,6.6,9.2,11.4,5,1,0,84.7,8.88,74.8,77.1
CSE1239,19.0,98.6,13.8,3.1,5.3,0,1,1,64.0,8.89,82.7,45.7
CSE1240,26.4,90.2,7.7,5.3,5.0,2,0,0,50.5,8.29,75.1,33.2
CSE1241,12.3,85.0,0.6,6.0,13.4,3,0,1,51.1,8.26,63.2,38.8
CSE1242,13.6,85.6,11.6,2.0,7.8,1,1,0,70.2,6.87,61.5,29.0
CSE1243,10.9,80.5,5.6,5.1,5.7,0,1,0,90.2,6.28,64.5,46.2
CSE1244,7.9,86.7,10.8,0.6,6.8,1,0,0,43.6,6.81,65.7,24.5
CSE1245,10.5,49.6,8.1,0.0,13.5,2,0,0,32.6,5.37,47.4,39.4
CSE1246,6.4,76.4,1.8,6.1,6.9,0,0,0,86.0,8.68,60.0,44.6
CSE1247,15.2,82.9,8.7,3.8,9.4,6,2,1,19.3,6.89,69.6,43.1
CSE1248,9.6,66.2,16.8,5.6,10.1,5,0,1,34.8,8.62,69.9,42.2
CSE1249,16.6,84.6,10.0,4.9,0.4,3,0,1,50.1,5.85,56.1,31.8
CSE1250,4.1,77.5,7.8,2.1,2.6,3,1,0,23.8,8.39,47.0,33.0
CSE1251,17.3,100.0,12.3,4.9,11.7,1,1,1,77.2,6.66,79.3,52.8
CSE1252,20.8,98.9,8.8,1.3,6.3,2,1,1,72.1,5.79,80.4,45.4
CSE1253,1.0,74.4,8.8,9.2,15.3,6,3,0,43.5,8.99,59.0,62.6
CSE1254,17.6,78.2,3.6,0.9,14.8,2,1,1,80.6,8.42,62.3,69.0
CSE1255,23.6,79.1,8.9,4.4,13.6,5,1,0,84.0,7.43,77.7,54.1
CSE1256,6.5,74.6,12.1,1.9,19.1,5,1,0,52.7,7.24,70.3,59.6
CSE1257,26.7,82.3,4.7,6.7,9.6,2,3,0,46.0,7.68,66.0,50.2
CSE1258,17.9,70.9,13.7,4.0,13.2,5,1,0,100.0,7.41,72.1,69.0
CSE1259,10.1,66.4,7.6,3.4,7.1,5,2,0,69.4,6.33,61.0,56.8
CSE1260,14.6,87.5,4.4,7.6,22.3,4,0,0,60.1,6.75,69.4,64.7
CSE1261,18.9,87.6,12.0,5.1,19.9,4,2,1,82.3,9.36,92.6,82.4
CSE1262,15.5,70.3,6.9,6.5,10.1,1,0,1,61.0,10.0,61.3,49.0
CSE1263,18.8,90.7,11.0,2.1,11.9,0,2,1,44.9,8.92,73.5,45.0
CSE1264,8.6,72.4,6.8,0.8,16.8,1,2,0,56.6,7.73,66.8,51.6
CSE1265,16.2,83.0,7.8,5.3,9.3,1,2,0,75.8,6.83,61.1,55.0
CSE1266,5.1,89.8,10.0,4.0,6.7,4,0,0,15.2,6.32,59.4,40.3
CSE1267,14.2,79.6,9.2,6.9,14.4,1,1,1,49.2,6.39,59.7,56.6
CSE1268,8.7,85.5,0.0,4.8,10.4,4,2,0,82.7,6.59,66.7,52.0
CSE1269,9.9,73.8,3.5,5.6,10.9,3,0,0,44.8,9.57,57.0,34.8
CSE1270,23.7,77.6,11.7,0.1,5.8,1,2,1,85.9,9.19,74.5,63.8
CSE1271,22.6,77.5,7.5,10.7,1.4,7,2,0,83.3,8.02,75.7,83.1
CSE1272,19.3,71.0,5.9,4.5,11.2,2,0,0,53.7,6.14,64.3,58.9
CSE1273,7.4,77.9,2.6,7.1,14.5,7,2,1,43.6,8.18,66.3,56.3
CSE1274,12.8,61.4,3.7,2.5,8.9,3,0,0,49.3,6.94,59.3,30.6
CSE1275,23.5,74.1,0.0,5.9,17.2,4,2,0,100.0,4.83,81.7,71.3
CSE1276,16.0,76.6,7.6,1.1,6.5,3,2,0,92.5,7.52,63.3,63.9
CSE1277,31.2,76.9,5.6,6.4,4.7,3,0,0,57.5,6.27,64.6,73.5
CSE1278,17.8,77.1,4.1,3.9,9.7,2,2,0,42.8,6.31,54.2,51.1
CSE1279,16.3,79.3,7.7,5.1,9.6,3,0,1,57.3,6.92,61.9,36.1
CSE1280,12.8,85.8,9.5,7.1,13.8,3,1,0,59.9,6.65,73.1,46.3
CSE1281,15.9,90.5,16.4,1.3,6.1,4,0,1,30.1,7.16,72.5,31.9
CSE1282,13.9,72.2,2.0,2.9,16.8,2,0,0,56.6,7.11,56.6,39.4
CSE1283,20.0,65.6,12.6,6.4,19.8,1,2,0,81.4,5.14,72.0,65.2
CSE1284,21.7,67.5,11.9,11.3,9.8,3,1,1,19.0,8.87,79.1,50.2
CSE1285,9.5,74.2,4.9,4.6,16.2,5,2,1,71.5,6.12,77.2,74.2
CSE1286,5.7,75.8,8.8,6.8,4.7,5,0,0,82.5,6.15,58.9,61.1
CSE1287,2.1,70.8,6.2,4.7,15.4,1,1,1,43.8,6.84,37.8,46.7
CSE1288,18.6,64.4,8.7,10.8,15.2,1,1,0,88.9,7.08,71.8,48.2
CSE1289,7.3,74.5,14.0,0.0,14.3,5,3,0,41.2,8.8,73.1,39.9
CSE1290,1.0,82.2,10.4,5.3,9.9,2,3,1,63.8,7.5,62.8,52.0
CSE1291,17.7,87.1,10.0,0.1,0.0,9,0,0,48.9,7.82,74.2,46.6
CSE1292,32.5,73.3,6.3,0.0,6.8,1,3,0,48.9,7.5,76.9,61.8
CSE1293,15.0,75.0,2.1,5.9,6.9,5,1,0,42.7,7.45,53.6,46.0
CSE1294,20.9,68.9,7.2,5.4,5.1,7,1,0,69.0,7.54,66.8,61.5
CSE1295,15.6,79.6,12.8,4.1,10.6,4,0,0,72.0,5.07,64.7,55.8
CSE1296,14.3,69.8,1.9,4.7,7.9,4,0,0,53.7,6.93,62.7,41.9
CSE1297,21.4,86.9,3.8,14.3,5.9,2,1,0,27.8,8.48,62.3,42.9
CSE1298,13.0,58.6,8.5,4.2,4.7,5,0,0,63.1,10.0,65.8,56.8
CSE1299,16.9,75.7,4.1,6.5,6.4,4,1,0,63.4,5.88,63.5,51.9
CSE1300,17.3,83.6,4.8,3.1,15.6,7,2,0,50.7,7.67,82.8,61.7
CSE1301,10.3,82.2,6.3,5.9,6.7,3,3,0,92.3,6.57,65.9,64.2
CSE1302,21.9,100.0,2.5,4.3,7.4,5,1,1,23.7,9.45,66.2,58.8
CSE1303,13.8,84.2,4.1,3.8,7.7,5,4,1,10.7,5.71,65.4,36.8
CSE1304,9.7,68.0,10.8,10.5,11.7,2,0,1,40.4,7.89,72.2,60.4
CSE1305,18.8,78.9,2.8,8.5,12.3,4,0,0,69.2,5.65,69.3,47.0
CSE1306,8.7,58.7,1.6,5.4,0.0,2,2,0,33.9,6.85,39.6,25.0
CSE1307,15.2,79.0,5.5,0.0,15.1,4,2,0,35.4,7.16,59.1,54.4
CSE1308,14.9,70.0,10.9,3.9,17.2,0,2,1,74.0,8.38,67.8,72.4
CSE1309,22.6,91.0,7.2,13.1,4.7,3,1,0,64.3,6.02,82.0,43.6
CSE1310,18.3,73.4,6.1,4.3,5.1,5,1,1,62.5,7.93,68.4,47.2
CSE1311,14.8,78.6,8.2,8.3,7.7,3,1,1,70.6,7.22,65.4,61.6
CSE1312,20.7,72.4,1.0,9.3,6.2,2,1,0,46.5,7.5,60.5,68.1
CSE1313,24.7,100.0,10.0,5.7,11.1,2,0,0,47.4,8.25,75.9,58.7
CSE1314,18.9,76.1,9.5,2.5,0.3,5,3,0,71.2,5.79,76.5,56.1
CSE1315,15.1,100.0,6.4,0.0,4.4,1,0,0,28.1,8.09,54.5,5.0
CSE1316,5.8,89.8,12.0,7.1,17.7,1,0,0,12.1,6.57,61.7,27.7
CSE1317,7.5,85.8,3.5,2.6,5.4,3,2,1,46.3,8.41,61.1,47.6
CSE1318,12.9,84.4,12.5,5.5,16.2,4,2,0,73.6,7.57,81.9,60.8
CSE1319,10.7,84.7,8.6,1.3,11.8,1,4,0,60.1,6.97,74.1,45.5
CSE1320,13.7,56.9,6.7,4.2,1.0,7,4,0,72.1,6.55,63.8,66.0
CSE1321,15.4,76.7,7.9,5.1,13.2,1,2,1,14.7,8.11,62.4,31.4
CSE1322,18.7,90.1,7.6,5.8,9.4,2,1,1,61.3,8.59,75.3,73.2
CSE1323,14.5,79.4,12.9,1.7,7.7,2,1,1,68.1,6.61,67.5,66.5
CSE1324,18.4,63.1,3.7,8.6,11.2,5,0,1,28.0,5.95,51.3,54.4
CSE1325,15.5,79.4,4.9,3.2,12.4,3,2,0,72.2,7.96,78.0,60.1
CSE1326,1.2,100.0,12.1,0.0,13.5,2,2,0,52.8,5.61,59.9,34.9
CSE1327,8.4,95.0,5.6,4.7,15.9,4,1,0,100.0,5.76,62.7,67.5
CSE1328,14.0,79.3,11.6,5.1,12.0,2,2,0,11.5,6.03,48.0,50.0
CSE1329,6.5,91.4,14.8,5.5,3.1,2,0,1,82.4,6.74,51.9,56.6
CSE1330,19.2,75.6,6.4,9.1,7.6,5,1,0,47.1,5.73,68.7,54.0
CSE1331,25.7,59.6,10.7,4.3,24.7,2,1,0,22.7,5.07,64.5,59.7
CSE1332,23.5,68.9,3.4,4.6,13.6,4,1,0,44.5,5.95,63.5,58.8
CSE1333,13.5,98.8,11.0,1.7,21.8,0,0,0,60.5,7.91,74.7,51.4
CSE1334,25.4,76.7,8.8,7.5,17.0,8,1,1,75.7,5.8,82.4,91.9
CSE1335,16.0,77.1,9.9,5.6,11.2,1,2,0,89.4,6.83,73.0,67.6
CSE1336,12.6,76.4,5.4,3.7,11.5,5,1,1,83.4,9.34,74.6,74.7
CSE1337,10.7,100.0,1.4,0.0,9.8,2,0,0,35.7,7.15,56.1,32.0
CSE1338,12.9,99.5,10.0,9.3,1.3,5,2,0,77.6,7.58,64.2,56.3
CSE1339,12.3,100.0,0.0,1.3,10.1,1,0,1,62.8,6.16,56.5,40.2
CSE1340,16.2,78.1,6.7,3.2,16.1,4,2,1,41.9,9.58,78.4,51.4
CSE1341,16.1,83.5,11.8,6.1,7.0,3,2,0,50.8,6.6,63.6,34.1
CSE1342,15.0,61.8,8.8,1.4,12.1,3,0,0,40.8,6.95,64.6,30.7
CSE1343,18.1,97.7,15.8,0.5,14.3,2,1,0,55.7,8.65,91.5,40.4
CSE1344,23.3,66.0,12.1,0.0,5.5,2,2,0,40.4,7.0,69.7,38.1
CSE1345,21.6,82.6,5.4,7.2,7.7,2,2,1,34.4,7.25,77.3,64.8
CSE1346,4.6,66.8,8.1,3.4,4.9,5,1,0,64.6,6.89,58.0,43.7
CSE1347,1.0,72.9,7.8,13.8,5.9,4,2,1,67.6,6.9,54.7,59.3
CSE1348,21.5,70.0,1.7,2.0,3.6,2,4,1,51.2,7.61,68.4,59.7
CSE1349,5.4,72.7,4.2,2.2,5.5,4,0,0,82.4,7.81,66.6,61.7
CSE1350,13.4,73.5,5.8,3.3,17.1,6,1,0,49.8,6.49,62.5,50.2
CSE1351,6.8,73.4,0.0,5.7,5.4,6,2,0,48.9,6.36,47.2,45.4
CSE1352,2.4,90.0,8.2,3.6,10.6,2,2,0,68.2,6.53,51.9,46.4
CSE1353,18.8,66.7,7.0,6.8,7.5,1,2,0,52.4,5.66,58.6,59.0
CSE1354,20.3,82.6,1.3,2.1,15.9,2,0,0,56.7,5.45,57.8,62.1
CSE1355,11.0,94.6,9.6,0.9,16.6,2,0,1,4.6,7.53,71.5,33.7
CSE1356,1.0,73.8,10.9,0.0,14.3,4,1,0,55.3,8.23,59.3,54.5
CSE1357,11.2,71.4,8.9,0.0,11.5,2,1,1,18.5,8.16,64.2,35.3
CSE1358,17.7,77.2,6.7,3.4,8.8,3,2,0,30.6,4.58,56.9,40.8
CSE1359,4.6,94.2,10.4,4.1,4.0,3,1,1,28.3,6.93,50.7,43.3
CSE1360,16.3,82.3,10.7,3.1,19.7,4,1,1,34.1,5.99,63.9,58.7
CSE1361,14.9,73.6,9.2,8.7,6.2,2,4,0,44.0,7.36,59.8,44.8
CSE1362,19.1,85.8,4.7,8.7,13.3,2,1,1,45.3,6.74,71.2,63.8
CSE1363,15.8,66.8,9.1,4.0,15.3,2,0,0,68.3,7.85,69.0,50.1
CSE1364,8.2,88.2,12.8,0.0,7.2,1,1,1,59.4,7.18,66.4,39.2
CSE1365,23.4,84.9,5.6,3.3,15.2,4,1,1,17.0,5.11,60.6,56.7
CSE1366,13.9,76.3,16.4,3.2,13.8,1,1,0,56.7,6.14,65.5,45.7
CSE1367,14.8,69.9,5.9,3.0,18.6,4,1,0,61.4,7.21,61.5,61.6
CSE1368,8.5,69.4,8.1,2.9,7.7,7,0,0,48.4,7.3,60.5,49.6
CSE1369,11.9,86.4,5.3,3.0,3.6,4,2,0,53.8,5.65,61.4,38.2
CSE1370,8.8,94.7,8.9,3.8,7.5,2,0,1,58.8,5.51,53.9,46.8
CSE1371,13.8,72.4,1.0,3.1,11.0,2,1,1,70.3,7.26,67.8,68.6
CSE1372,27.0,85.5,5.8,5.6,10.3,6,2,0,23.5,5.66,85.4,43.9
CSE1373,5.4,55.0,3.6,6.1,8.0,1,1,1,50.1,5.36,49.5,45.4
CSE1374,3.7,73.0,8.5,2.3,0.5,2,3,1,85.2,6.71,56.5,46.4
CSE1375,25.3,79.6,12.0,8.8,12.4,3,1,0,83.3,6.66,78.3,78.3
CSE1376,13.5,69.1,10.6,2.1,19.9,2,2,0,72.0,6.23,66.6,70.7
CSE1377,10.3,68.8,0.0,0.1,12.3,6,1,0,65.7,6.43,53.9,51.1
CSE1378,22.3,72.0,16.2,6.1,13.0,3,3,1,88.1,7.22,86.5,100.0
CSE1379,10.8,83.5,9.2,2.5,12.9,3,2,1,93.4,6.41,65.7,79.6
CSE1380,27.8,77.8,4.9,6.0,12.0,4,3,0,52.4,7.28,67.6,71.9
CSE1381,19.7,53.1,8.6,0.0,14.7,0,1,0,35.6,6.78,59.1,44.9
CSE1382,11.6,54.6,8.7,9.2,12.0,3,1,1,49.6,7.38,60.8,62.2
CSE1383,30.1,72.7,5.3,7.0,8.4,4,4,1,100.0,8.17,86.5,81.1
CSE1384,10.8,85.5,8.8,0.5,6.0,8,0,1,23.6,8.12,58.1,41.2
CSE1385,20.2,47.0,5.6,0.6,8.8,3,1,0,45.6,8.62,62.2,48.0
CSE1386,17.1,74.0,6.4,10.0,11.6,1,1,0,26.7,8.12,56.2,35.5
CSE1387,24.1,73.7,5.3,2.8,8.4,4,2,0,57.5,7.46,71.0,61.6
CSE1388,25.9,96.7,2.3,2.5,11.6,1,0,0,30.9,6.72,76.9,49.7
CSE1389,15.2,75.4,8.6,0.0,12.2,3,1,1,52.8,6.77,70.0,47.3
CSE1390,9.7,84.6,10.3,3.9,14.2,1,1,0,16.0,6.23,48.1,29.1
CSE1391,18.2,81.7,10.1,4.3,16.4,6,2,1,67.4,7.2,74.1,65.3
CSE1392,10.3,54.4,11.3,7.1,10.4,3,3,0,79.4,7.97,65.9,46.4
CSE1393,29.1,89.2,9.3,0.8,3.5,3,0,1,47.3,6.4,67.2,54.8
CSE1394,16.0,82.6,5.9,0.4,8.3,5,0,0,52.3,7.16,53.3,44.2
CSE1395,12.4,86.1,11.4,6.4,10.2,6,1,0,51.7,6.45,70.8,52.7
CSE1396,16.3,100.0,2.6,8.0,0.8,1,2,0,58.6,7.43,65.8,35.7
CSE1397,5.6,55.0,4.4,0.3,16.9,3,0,0,54.2,6.6,52.1,40.2
CSE1398,8.2,100.0,4.1,8.2,10.7,2,1,1,70.4,6.39,66.4,65.8
CSE1399,23.4,76.6,12.3,5.1,11.9,3,1,0,79.7,6.45,76.0,63.9
CSE1400,10.4,83.4,11.8,8.3,16.8,3,0,0,38.7,7.75,61.5,43.6
CSE1401,7.7,79.5,9.9,4.8,6.8,3,1,1,48.8,7.09,63.0,46.1
CSE1402,18.8,74.9,12.3,0.0,12.9,1,2,1,73.0,6.73,81.7,49.3
CSE1403,23.3,73.2,4.5,4.5,9.5,1,3,0,26.6,7.49,62.5,50.6
CSE1404,20.0,84.0,9.4,8.2,9.1,1,1,1,15.6,6.74,59.6,26.7
CSE1405,22.0,61.8,7.5,2.3,6.1,4,2,0,59.5,8.44,63.4,46.1
CSE1406,9.7,89.0,11.4,3.8,18.3,1,2,0,64.9,6.13,62.1,44.5
CSE1407,5.0,75.0,7.5,4.5,8.1,2,2,0,40.6,6.99,53.7,35.5
CSE1408,25.5,66.4,6.5,0.0,13.5,1,3,0,43.4,5.65,55.2,49.5
CSE1409,12.7,74.6,10.2,10.0,0.6,3,0,0,39.8,6.82,57.9,33.8
CSE1410,13.2,95.1,11.5,2.3,15.9,1,3,0,37.7,5.35,69.6,38.3
CSE1411,24.3,73.6,5.3,6.5,15.3,2,2,0,68.9,8.02,66.2,74.6
CSE1412,18.9,84.3,7.8,4.7,10.5,2,2,1,31.4,8.04,65.2,56.0
CSE1413,18.2,71.2,3.8,8.8,8.9,4,4,0,49.7,8.06,69.8,59.8
CSE1414,30.2,89.1,0.0,6.2,12.0,3,2,1,36.9,7.23,77.1,55.9
CSE1415,10.5,88.2,8.8,4.3,21.4,1,0,1,25.9,6.23,65.1,35.3
CSE1416,21.5,100.0,10.4,2.3,1.2,4,1,0,72.4,6.32,72.9,49.4
CSE1417,15.4,77.9,9.0,7.4,13.9,2,1,0,44.6,8.88,75.0,34.0
CSE1418,16.9,88.0,0.2,0.0,5.4,3,0,0,58.8,8.78,61.7,32.3
CSE1419,25.7,81.2,6.6,6.9,9.9,4,5,1,24.8,7.33,73.5,72.3
CSE1420,18.6,95.6,0.0,1.7,8.8,2,2,0,40.2,6.63,57.6,46.4
CSE1421,18.8,71.4,13.5,8.8,7.9,3,2,0,70.1,8.71,78.8,75.4
CSE1422,22.5,88.9,3.7,5.5,9.9,4,0,1,100.0,6.44,78.2,70.1
CSE1423,12.4,77.7,13.0,6.9,4.3,2,5,0,15.5,7.45,65.7,37.2
CSE1424,9.1,79.2,11.8,5.2,15.1,2,3,0,51.0,8.69,71.6,48.6
CSE1425,7.7,81.1,4.4,0.0,1.0,3,4,0,63.2,6.28,45.2,45.0
CSE1426,1.2,83.0,3.5,2.4,12.7,8,0,1,42.7,8.11,53.5,41.1
CSE1427,29.4,78.6,9.4,7.0,8.4,5,2,1,72.0,7.77,80.8,77.1
CSE1428,7.3,82.6,4.6,5.5,4.1,2,0,0,37.7,7.16,45.6,28.5
CSE1429,13.5,98.9,8.4,8.5,11.0,3,0,0,58.1,6.11,64.0,43.3
CSE1430,13.1,91.8,6.1,6.2,2.2,2,1,1,44.6,6.4,65.9,52.8
CSE1431,17.2,90.4,0.9,2.1,10.2,0,1,1,79.4,7.52,74.9,74.1
CSE1432,20.7,74.5,0.0,2.6,2.9,3,2,1,41.5,5.63,58.4,58.9
CSE1433,21.0,69.3,8.9,5.3,12.3,2,1,0,48.0,7.34,66.0,54.4
CSE1434,10.9,91.5,5.8,0.0,5.4,4,2,1,73.9,7.8,65.3,64.0
CSE1435,13.8,90.5,5.8,10.0,7.7,1,0,0,34.4,8.28,61.1,51.4
CSE1436,17.0,97.7,10.8,6.3,11.5,3,1,0,56.4,5.66,71.5,59.0
CSE1437,13.3,72.8,12.7,8.7,6.1,3,1,1,18.5,8.65,68.1,32.1
CSE1438,26.3,77.2,6.9,0.3,9.7,2,1,0,33.2,9.06,75.9,45.5
CSE1439,18.4,60.3,6.6,8.7,2.4,2,1,1,62.6,7.65,50.7,58.3
CSE1440,20.1,75.3,10.0,11.7,13.2,4,3,0,35.2,6.06,69.8,49.3
CSE1441,19.6,92.0,2.6,1.0,18.8,3,3,1,44.1,6.84,82.9,60.1
CSE1442,23.2,74.4,8.9,7.3,24.0,4,2,0,64.9,7.15,78.9,84.1
CSE1443,16.3,87.7,10.2,5.0,10.5,2,0,1,43.4,7.5,74.7,27.4
CSE1444,5.9,77.7,10.7,0.4,13.9,2,5,0,71.5,7.22,64.7,49.7
CSE1445,17.8,83.9,0.3,6.5,1.1,2,0,0,59.3,7.51,59.8,38.8
CSE1446,10.4,66.2,5.0,7.5,17.5,6,0,1,63.7,7.1,59.7,66.4
CSE1447,11.3,81.0,4.5,3.2,13.9,0,0,0,79.8,7.49,55.2,35.8
CSE1448,19.1,44.1,8.4,8.5,7.6,2,0,0,61.4,6.69,61.3,46.8
CSE1449,23.7,77.8,9.9,0.0,16.2,4,3,0,85.8,6.83,86.9,86.1
CSE1450,15.1,60.4,14.0,0.5,8.7,1,3,1,73.2,6.57,67.5,60.2
CSE1451,17.2,94.5,6.0,5.4,7.7,3,0,0,44.5,9.31,62.4,49.6
CSE1452,26.9,89.3,6.0,5.1,12.4,4,2,0,80.9,8.81,86.0,66.3
CSE1453,16.7,85.6,12.6,2.9,4.7,2,1,0,60.3,7.81,75.1,36.7
CSE1454,33.2,98.3,9.2,7.4,15.1,2,1,1,47.1,8.66,100.0,71.7
CSE1455,19.0,68.6,13.1,6.6,4.7,3,1,0,60.6,8.08,66.9,53.1
CSE1456,2.7,100.0,9.2,7.6,4.7,5,1,0,77.2,7.4,54.7,39.9
CSE1457,20.3,91.2,3.4,4.6,5.5,4,1,1,64.1,5.54,73.9,50.2
CSE1458,17.7,77.2,2.7,6.8,13.8,2,1,1,91.4,6.91,70.2,84.9
CSE1459,24.0,93.6,1.8,3.7,6.9,1,0,0,76.7,6.83,74.4,42.8
CSE1460,19.7,66.7,10.6,11.2,3.3,4,1,1,65.5,5.95,69.6,68.7
CSE1461,14.0,70.1,12.8,2.6,7.0,7,0,0,34.5,5.57,55.3,36.1
CSE1462,6.4,72.7,15.4,11.3,9.8,8,0,0,51.4,7.74,66.1,51.6
CSE1463,13.5,73.7,11.4,5.1,4.1,4,2,0,56.4,7.56,72.0,51.8
CSE1464,9.0,67.3,12.7,0.9,4.2,4,0,1,68.9,5.92,57.9,27.1
CSE1465,10.9,94.7,5.7,9.1,20.6,2,1,0,67.7,6.38,62.7,45.5
CSE1466,19.1,76.9,3.4,5.4,5.7,3,3,0,58.4,8.48,60.2,56.5
CSE1467,26.7,84.2,11.4,7.6,8.4,3,3,0,57.4,6.23,74.1,56.1
CSE1468,17.8,73.2,9.7,8.7,8.2,2,2,1,69.4,7.39,69.4,71.6
CSE1469,6.6,58.2,8.4,6.0,7.9,5,1,0,37.8,6.99,56.6,24.9
CSE1470,18.1,83.2,9.5,3.2,13.1,4,3,0,88.9,7.76,73.7,78.1
CSE1471,23.4,57.1,9.3,7.9,14.7,2,0,0,14.1,6.26,68.7,24.8
CSE1472,10.7,79.2,13.1,5.0,8.5,5,0,1,84.1,7.3,63.9,57.5
CSE1473,14.1,63.6,13.2,7.1,3.8,2,3,1,54.1,7.39,78.1,43.6
CSE1474,15.1,100.0,10.2,0.0,16.4,3,3,0,75.1,7.45,88.3,82.5
CSE1475,9.5,90.9,11.4,6.3,9.5,4,3,1,62.3,7.29,73.3,49.2
CSE1476,19.5,81.3,10.1,3.1,18.7,1,5,0,61.9,7.58,69.7,67.6
CSE1477,14.2,95.2,6.2,10.0,0.0,6,2,1,66.1,9.61,75.9,44.9
CSE1478,17.9,69.8,11.0,6.9,11.0,3,0,0,71.2,10.0,71.3,69.5
CSE1479,8.8,86.5,2.4,5.7,19.6,1,2,0,48.4,6.5,53.0,53.4
CSE1480,11.9,82.4,12.2,6.5,8.2,1,0,1,75.7,4.65,63.7,52.8
CSE1481,20.1,83.2,3.2,2.0,8.9,2,3,1,33.3,7.86,64.5,64.0
CSE1482,12.4,95.3,9.1,9.9,11.5,2,0,0,54.9,7.4,62.4,46.9
CSE1483,27.1,88.8,4.6,11.0,7.2,2,1,0,71.7,8.37,76.8,62.9
CSE1484,12.2,83.5,10.2,6.2,8.4,6,0,0,74.9,7.51,66.3,57.3
CSE1485,16.6,60.1,7.9,9.8,8.3,0,0,1,64.2,7.26,72.4,55.1
CSE1486,21.5,68.5,1.6,3.3,6.9,4,0,0,47.1,8.44,60.6,39.7
CSE1487,5.1,78.5,9.7,2.6,16.1,4,0,0,72.9,8.6,67.1,49.3
CSE1488,2.7,81.1,5.7,5.1,12.3,5,1,0,41.6,5.67,53.4,49.6
CSE1489,4.3,66.4,11.5,6.3,11.3,4,2,1,90.0,6.3,66.1,69.7
CSE1490,23.8,100.0,8.0,3.8,14.0,3,4,0,53.3,7.08,84.4,64.2
CSE1491,11.1,98.2,9.6,6.6,8.7,3,2,0,24.2,7.31,68.7,24.8
CSE1492,32.9,87.2,4.2,5.9,6.1,4,3,0,31.1,6.95,79.1,69.8
CSE1493,11.1,80.9,5.6,2.0,7.0,3,2,0,55.9,7.68,62.5,39.7
CSE1494,16.3,77.5,6.2,6.6,10.0,5,4,0,57.8,8.3,73.7,74.2
CSE1495,25.8,68.6,11.4,7.6,4.7,2,4,1,94.4,9.09,84.8,81.3
CSE1496,29.0,80.9,14.7,5.5,7.5,5,1,1,34.2,7.84,77.6,43.2
CSE1497,29.4,83.1,4.8,8.5,7.4,1,0,0,55.8,6.26,69.6,61.4
CSE1498,23.5,65.1,12.3,1.3,20.6,1,1,1,33.8,7.04,73.9,54.4
CSE1499,22.2,84.0,0.0,6.4,0.0,3,1,0,45.1,7.12,63.8,54.5
CSE1500,19.1,78.1,3.2,1.5,9.1,3,2,0,88.7,7.77,72.5,62.4
